,Gene symbol,Nb of communities,degree PPI ntw,degree Pathways ntw,degree Coexp ntw,degree Complexes ntw,max degree,sum degrees
182,TP53,32,254,80,,40,254,374
26,CTNNB1,25,103,66,,59,103,228
14,SRC,25,153,148,,42,153,343
109,AKT1,25,175,53,,19,175,247
51,EGFR,24,299,47,,32,299,378
81,PTK2,23,59,56,,35,59,150
410,CDK2,23,37,53,,41,53,131
88,CBL,23,65,64,,36,65,165
78,TLN1,22,17,23,,20,23,60
19,PIK3R1,22,207,139,,33,207,379
17,ITGB3,22,12,38,,33,38,83
82,ITGB6,22,6,2,,5,6,13
15,SPP1,22,84,13,,7,84,104
45,GRB2,22,464,172,,22,464,658
10,FN1,22,442,23,,12,442,477
29,ITGA2B,22,4,25,,12,25,41
34,FYN,22,226,97,,26,226,349
3,ITGB1,22,46,42,,52,52,140
11,ITGAV,22,14,23,,38,38,75
62,PLCG1,21,100,89,,15,100,204
65,ERBB2,21,316,38,,7,316,361
27,SOS1,21,23,139,,15,139,177
31,ITGA5,21,15,6,,17,17,38
134,AR,21,144,15,,10,144,169
76,VTN,21,25,20,486,3,486,534
22,SHC1,21,48,118,,11,118,177
6,ITGB5,21,39,3,,11,39,53
18,TGFB3,21,9,5,,4,9,18
74,CRKL,20,60,24,,9,60,93
42,LYN,20,38,56,,29,56,123
84,LCK,20,43,57,134,12,134,246
89,PTPN11,20,74,120,,10,120,204
60,VAV1,20,25,51,,7,51,83
91,PDGFRA,20,46,22,,9,46,77
48,LCP2,20,23,41,,12,41,76
183,SMAD3,20,152,51,,47,152,250
0,MET,20,98,42,,8,98,148
1,RAPGEF1,20,14,25,67,6,67,112
13,BCAR1,20,30,28,,25,30,83
20,CRK,20,235,51,,18,235,304
37,LAT,19,72,35,47,11,72,165
61,SYK,19,46,80,,3,80,129
111,CREBBP,19,121,40,,61,121,222
23,ITK,19,15,14,2,2,15,33
24,PLCG2,19,35,37,,8,37,80
72,SH3GL2,19,50,30,,6,50,86
68,PTK2B,19,17,11,,10,17,38
67,SH3KBP1,19,51,22,,24,51,97
63,FCGR1A,19,23,24,113,4,113,164
21,HGF,19,26,38,115,1,115,180
33,PXN,19,28,15,,45,45,88
59,VCL,18,25,13,,12,25,50
190,KDM1A,17,248,12,,57,248,317
38,ZAP70,17,14,29,,3,29,46
501,BRCA1,16,213,35,,83,213,331
149,EP300,16,106,85,,61,106,252
172,ESR1,16,120,62,,44,120,226
466,MDC1,15,19,31,,14,31,64
470,BRCA2,15,21,7,,24,24,52
385,PCNA,15,324,55,,56,324,435
426,CUL1,15,22,54,,69,69,145
435,RBBP8,15,30,31,,14,31,75
442,NBN,15,12,56,,30,56,98
462,H2AX,15,32,39,,22,39,93
507,KAT5,15,275,55,,26,275,356
445,TP53BP1,15,74,28,,13,74,115
447,RAD50,15,10,55,,42,55,107
452,XRCC6,15,106,27,,44,106,177
70,VEGFA,15,20,31,,3,31,54
455,PAXIP1,15,94,21,,26,94,141
510,BARD1,15,89,26,,21,89,136
489,BLM,15,21,24,,38,38,83
493,MRE11,15,10,55,,43,55,108
120,HDAC1,15,66,39,,152,152,257
494,RAD51,15,54,10,,11,54,75
484,RPA1,15,48,88,,48,88,184
166,SP1,14,60,17,,23,60,100
451,LIG3,14,12,17,,11,17,40
449,FANCI,14,3,10,,10,10,23
140,SMAD2,14,191,45,,19,191,255
443,MSH2,14,37,6,,49,49,92
145,SMAD4,14,107,44,,32,107,183
519,RNF8,14,65,30,,2,65,97
441,RAD9B,14,,5,1442,3,1442,1450
176,FOXO1,14,16,20,,8,20,44
503,PRKDC,14,24,10,,50,50,84
516,NEIL1,14,4,5,,4,5,13
520,MSH6,14,11,5,,29,29,45
378,RBX1,14,27,93,,75,93,195
310,CDH1,14,74,21,,23,74,118
436,HUS1,14,15,6,,13,15,34
491,RAD9A,14,12,5,,13,13,30
515,PNKP,14,53,4,,7,53,64
473,RAD1,14,9,6,,15,15,30
490,ATM,14,27,69,,16,69,112
488,FANCD2,14,7,10,,25,25,42
483,NHEJ1,14,1,8,,2,8,11
481,XRCC5,14,15,27,,48,48,90
480,XRCC4,14,20,10,,13,20,43
508,POLD1,14,17,25,,25,25,67
509,POLB,14,10,17,,12,17,39
479,PARP1,14,36,26,,62,62,124
478,PMS2,14,15,6,,6,15,27
495,TOP3A,14,4,21,,16,21,41
477,RPA3,14,11,85,,31,85,127
506,XRCC1,14,11,17,,17,17,45
514,RMI1,14,6,21,,15,21,42
496,APEX1,14,14,20,,8,20,42
468,LIG1,14,8,11,,25,25,44
498,HUS1B,14,8,,,2,8,10
465,MSH3,14,9,5,,3,9,17
464,RPA2,14,63,85,,33,85,181
505,POLA2,14,39,20,,23,39,82
511,WRN,14,16,17,,10,17,43
459,FEN1,14,15,20,,12,20,47
458,MLH1,14,165,9,,30,165,204
456,LIG4,14,99,8,,16,99,123
512,RMI2,14,1,21,,2,21,24
499,EXO1,14,11,20,,15,20,46
457,APLF,14,6,,,6,6,12
79,VCAM1,14,625,3,,3,625,631
36,ITGA4,14,6,8,,13,13,27
8,VEGFB,14,3,1,,1,3,5
4,ITGA9,14,,4,,11,11,15
46,TNC,14,5,7,,2,7,14
98,PLXNA1,14,6,19,,52,52,77
80,L1CAM,13,6,40,,61,61,107
450,RAD51AP1,13,5,10,,7,10,22
93,SEMA4D,13,2,10,,1,10,13
497,PRIM2,13,6,20,,17,20,43
47,NRP2,13,5,2,,4,5,11
492,POLE3,13,4,7,,33,33,44
453,HLTF,13,6,5,770,6,770,787
486,ERCC4,13,7,7,,4,7,18
485,APTX,13,17,,,8,17,25
454,WDR48,13,4,10,757,10,757,781
482,ERCC1,13,16,8,,5,16,29
460,TDP1,13,12,,,4,12,16
461,POLD4,13,3,25,,17,25,45
474,USP12,13,6,3,3,2,6,14
83,NRP1,13,9,20,,14,20,43
472,PRIM1,13,4,20,,17,20,41
471,POLA1,13,2,20,,30,30,52
463,WDR20,13,9,3,,5,9,17
469,POLE4,13,5,7,,30,30,42
186,HDAC2,13,53,13,,117,117,183
517,POLE,13,5,7,,26,26,38
448,RAD52,13,16,6,,3,16,25
440,XPA,13,39,10,,3,39,52
129,SIN3A,13,27,16,,89,89,132
446,POLD3,13,3,25,,20,25,48
393,SKP1,13,74,55,,82,82,211
437,RPA4,13,5,15,,7,15,27
439,BRIP1,13,6,20,,7,20,33
94,FLT1,13,26,4,79,,79,109
444,USP1,13,7,7,,9,9,23
96,PGF,13,2,1,63,,63,66
518,POLD2,13,14,25,,17,25,56
9,PLXNB1,13,12,12,,2,12,26
513,POLE2,13,18,7,,17,18,42
467,OGG1,12,2,2,,,2,4
122,SMARCA4,12,33,15,,83,83,131
315,ADAM12,12,49,2,112,5,112,168
165,RCOR1,12,7,4,,58,58,69
325,ADAM15,12,32,2,,6,32,40
292,SH3PXD2A,12,8,3,,8,8,19
500,USP46,12,6,,,7,7,13
324,ITGB7,11,3,4,,2,4,9
333,SMURF2,11,60,19,,15,60,94
307,KDR,11,30,34,,11,34,75
306,ITGAE,11,3,2,,2,3,7
296,MADCAM1,11,1,3,,,3,4
102,UBE2I,11,334,116,,20,334,470
365,CDK7,11,7,14,,33,33,54
294,ADAM19,11,19,1,,,19,20
116,FOXO3,11,7,19,,8,19,34
476,ATR,11,3,44,,20,44,67
487,ATRIP,11,23,24,540,11,540,598
504,CHRAC1,11,3,,,7,7,10
180,FOXH1,10,69,4,57,4,69,134
386,CDKN1A,10,183,26,,17,183,226
422,CDK4,10,88,26,,11,88,125
430,CDK6,10,64,20,,7,64,91
432,CCND1,10,36,25,,13,36,74
342,TGFBR1,10,13,18,,9,18,40
338,TGFB1,10,76,26,,9,76,111
137,SUMO1,10,98,105,,40,105,243
399,CCND2,10,50,12,,5,50,67
337,TGFBR2,10,83,21,,12,83,116
392,CCNH,10,45,12,,20,45,77
150,MECP2,10,51,20,,5,51,76
108,TGIF1,10,21,4,,4,21,29
370,TFDP1,9,6,39,,22,39,67
391,E2F2,9,11,4,,4,11,19
387,E2F5,9,4,16,,13,16,33
303,JAM3,9,2,6,,,6,8
105,RXRA,9,72,25,,2,72,99
125,FOXG1,9,7,5,,3,7,15
372,RB1,9,72,16,,28,72,116
328,JAM2,9,7,3,,2,7,12
369,RBL2,9,17,18,,72,72,107
1112,RAC1,9,125,96,,12,125,233
323,THBS1,9,5,7,,11,11,23
367,RBL1,9,22,16,,53,53,91
361,E2F4,9,19,17,,21,21,57
1106,CDC42,9,150,69,,10,150,229
326,ITGA3,9,6,10,,15,15,31
1085,NCK1,9,200,33,,14,200,247
170,KAT2B,9,17,17,,51,51,85
400,E2F1,9,38,6,,14,38,58
424,CDKN1B,9,30,26,,21,30,77
556,HSP90AB1,9,417,43,,64,417,524
179,RARA,9,61,4,,2,61,67
427,TFDP2,9,3,23,,4,23,30
418,CCND3,9,51,14,,12,51,77
405,MNAT1,9,41,12,,13,41,66
12,PIK3R2,9,38,56,,10,56,104
64,FGG,8,10,31,486,6,486,533
785,HSP90AA1,8,107,86,,73,107,266
2,C3,8,15,24,446,8,446,493
5,PIK3CB,8,9,80,,10,80,99
106,NCOA3,8,37,10,,21,37,68
58,FGB,8,11,31,486,11,486,539
56,PIK3CA,8,47,132,,10,132,189
1104,DOCK1,8,8,32,,10,32,50
28,PIK3CD,8,8,36,,10,36,54
16,FGA,8,22,31,486,3,486,542
1131,SHB,8,5,17,,18,18,40
334,SMAD7,8,29,26,,4,29,59
71,PIK3R3,8,139,3,,10,139,152
1144,NCK2,8,157,27,,22,157,206
353,CKS1B,8,51,9,,20,51,80
1143,ELMO1,8,13,23,,10,23,46
1126,DOCK4,8,7,,,7,7,14
101,REST,8,3,4,,2,4,9
1136,DOCK3,8,15,3,,7,15,25
374,CCNE1,8,28,9,,20,28,57
419,SKP2,8,22,17,68,32,68,139
103,NRIP1,8,36,9,,10,36,55
1145,ELMO2,8,1,22,,7,22,30
119,NCOA2,8,28,8,,17,28,53
163,SKI,8,6,8,,10,10,24
131,NR1H3,8,39,14,,1,39,54
142,SMARCB1,8,102,8,,106,106,216
110,WDR77,8,34,10,,13,34,57
128,NCOR2,8,53,18,,16,53,87
130,RXRB,8,63,12,,15,63,90
126,TBL1X,8,14,12,,42,42,68
193,SMARCC1,8,36,8,,107,107,151
195,SKIL,8,92,5,,4,92,101
196,NCOA1,8,54,11,,35,54,100
178,PDE8A,8,,,,1,1,1
113,CBFB,8,22,42,,11,42,75
181,TBL1XR1,8,6,12,,56,56,74
162,SMARCC2,8,21,8,,107,107,136
157,HDAC3,8,13,17,,47,47,77
156,NCOR1,8,53,19,,28,53,100
155,GPS2,8,49,10,,13,49,72
118,NR1H2,8,50,14,,,50,64
153,PRMT5,8,71,15,,46,71,132
115,COPRS,8,15,4,,6,15,25
123,SMARCA2,8,44,7,,80,80,131
147,RUNX1,8,26,31,,5,31,62
336,FLT4,7,6,2,,5,6,13
805,TRAF6,7,69,85,,23,85,177
52,APOA1,7,25,6,433,10,433,474
136,WWTR1,7,22,21,,16,22,59
335,VEGFC,7,2,2,,4,4,8
379,CDKN2D,7,61,2,,2,61,65
340,SMURF1,7,24,16,,13,24,53
357,CDK5,7,30,24,,8,30,62
406,CDK1,7,48,43,,31,48,122
408,CDKN2A,7,31,,,7,31,38
409,CDKN2C,7,59,2,,4,59,65
368,CCNE2,7,12,9,,16,16,37
813,APP,7,390,20,,13,390,423
363,CCNB1,7,12,32,,31,32,75
689,DRAP1,7,30,1,,16,30,47
678,STAT3,7,121,63,,11,121,195
197,HIPK2,7,18,11,,11,18,40
355,OGFRL1,7,,,,5,5,5
396,E2F6,7,18,19,,37,37,74
347,CDKN2B,7,61,2,,4,61,67
389,CCNA2,7,11,4,,33,33,48
154,SUMO2,6,73,55,,16,73,144
383,BTRC,6,35,31,,19,35,85
341,VEGFD,6,2,2,,4,4,8
364,CCNA1,6,17,4,851,3,851,875
415,UBE2W,6,77,,,2,77,79
821,CDC37,6,249,28,,61,249,338
688,SNW1,6,127,10,,189,189,326
354,SERTAD1,6,54,,3,2,54,59
86,BLNK,6,9,10,,1,10,20
143,SMAD9,6,114,13,,10,114,137
1125,WAS,6,19,9,,9,19,37
1139,DOCK2,6,44,2,,1,44,47
692,CCNC,6,83,11,,60,83,154
1119,WIPF1,6,20,6,,22,22,48
1122,WIPF2,6,6,7,,14,14,27
673,SMAD1,6,93,15,,5,93,113
1117,WASL,6,44,27,,23,44,94
675,CDK8,6,12,11,,68,68,91
1114,ZNF398,6,20,,,7,20,27
1109,WIPF3,6,1,6,,21,21,28
1142,DOCK5,6,2,,,7,7,9
738,GSK3B,6,149,34,,20,149,203
685,RBPJ,6,20,14,,26,26,60
690,CLNS1A,6,16,2,,15,16,33
607,HSPA8,5,80,36,,130,130,246
434,PHC3,5,5,4,,14,14,23
818,UBE2N,5,66,61,,8,66,135
730,SHARPIN,5,19,18,,4,19,41
817,BCL10,5,29,17,,10,29,56
734,STIP1,5,58,11,,12,58,81
735,MAP3K8,5,7,11,1,17,17,36
622,DCLRE1C,5,1,27,,6,27,34
737,HSPA1A,5,56,19,,58,58,133
191,THRB,5,33,3,,1,33,37
815,FBXW7,5,50,6,,17,50,73
92,HPX,5,2,4,486,1,486,493
620,LMNA,5,453,9,,35,453,497
768,FADD,5,30,26,,15,30,71
628,VRK1,5,1,4,,5,5,10
674,MAML1,5,2,11,,16,16,29
394,RYBP,5,67,8,,17,67,92
683,NOTCH1,5,36,29,,22,36,87
402,MGA,5,9,11,,12,12,32
403,EHMT1,5,13,17,,31,31,61
404,MCM4,5,23,28,,23,28,74
682,DAXX,5,116,10,,18,116,144
407,CAND1,5,6,9,,9,9,24
412,MCM2,5,41,28,,35,41,104
428,CUL4A,5,8,25,,76,76,109
413,PCGF2,5,21,4,,12,21,37
414,YAF2,5,29,11,,24,29,64
637,BANF1,5,13,8,,25,25,46
420,L3MBTL2,5,48,14,,12,48,74
423,RNF2,5,45,11,,88,88,144
632,EMD,5,96,5,,59,96,160
741,NFKBIB,5,14,11,,44,44,69
740,NFKBIE,5,8,10,,14,14,32
87,ALB,5,13,1,486,5,486,505
743,MAP3K14,5,12,26,,21,26,59
791,TAB1,5,65,29,,26,65,120
32,HFE,5,2,1,,,2,3
793,TRAF2,5,347,43,,25,347,415
762,RBCK1,5,53,15,,23,53,91
25,TFRC,5,38,2,,4,38,44
765,TNF,5,50,18,80,17,80,165
766,FAS,5,33,5,,5,33,43
767,RNF31,5,29,15,,17,29,61
790,IKBKG,5,165,48,,74,165,287
744,TRAF3,5,46,37,,5,46,88
788,FBXW11,5,19,15,,27,27,61
783,NFKB2,5,5,14,,49,49,68
780,MALT1,5,19,17,,11,19,47
779,TRADD,5,12,13,,16,16,41
777,CFLAR,5,14,16,,5,16,35
776,RIPK1,5,15,44,,17,44,76
770,TNIP2,5,22,8,,24,24,54
761,FYB1,5,10,6,,3,10,19
795,MAP3K7,5,25,37,,45,45,107
755,FKBP5,5,48,8,,12,48,68
753,IKBKB,5,30,48,,61,61,139
812,CASP8,5,61,34,,21,61,116
769,NFKB1,5,59,25,,44,59,128
747,CASP10,5,12,17,,5,17,34
748,CHUK,5,17,48,,84,84,149
1118,USP4,5,26,2,,7,26,35
806,BIRC2,5,46,25,,3,46,74
73,SERPINA1,5,13,1,490,7,490,511
750,TNFRSF1A,5,31,15,,16,31,62
802,REL,5,302,11,,50,302,363
55,TFR2,5,5,1,480,,480,486
800,RELB,5,9,8,,20,20,37
751,TAB2,5,33,31,,30,33,94
54,GALNT12,5,10,,,1,10,11
53,TF,5,32,2,261,6,261,301
752,RELA,5,109,26,,61,109,196
792,BIRC3,5,19,24,,14,24,57
809,NFKBIA,5,31,15,,30,31,76
686,NOTCH2,5,18,16,,8,18,42
301,FBLN2,5,13,1,,2,13,16
366,MAX,5,55,12,,15,55,82
896,STAM,5,17,18,,4,18,39
944,RAB3A,5,22,10,,65,65,97
882,SH3BP1,5,8,,,4,8,12
284,LRP4,5,3,2,,9,9,14
360,CBX3,5,42,15,,45,45,102
287,LOX,5,20,8,,,20,28
359,MCM7,5,67,28,,11,67,106
358,EHMT2,5,47,18,,33,47,98
298,FBLN5,5,19,7,,9,19,35
351,MYC,5,134,4,,33,134,171
349,BMI1,5,24,4,,51,51,79
1509,DVL2,5,91,45,,13,91,149
346,MCM6,5,34,28,,24,34,86
305,FBN1,5,15,22,,10,22,47
308,FBN2,5,4,15,115,1,115,135
344,CUL3,5,71,25,720,51,720,867
309,MUSK,5,8,2,,,8,10
312,AGRN,5,10,8,,6,10,24
313,MFAP2,5,2,10,,,10,12
866,STAM2,5,41,18,,5,41,64
316,MFAP5,5,3,10,,,10,13
864,HGS,5,267,21,,10,267,298
327,ELN,5,7,11,,3,11,21
846,FGFR2,5,35,22,,5,35,62
285,LTBP1,5,6,5,,8,8,19
371,RING1,5,30,15,,63,63,108
380,PCGF6,5,21,12,,12,21,45
918,LITAF,5,65,,,2,65,67
373,PHC1,5,20,4,,12,20,36
1031,PSEN2,4,67,13,,5,67,85
781,LTB,4,1,7,,2,7,10
302,LOXL1,4,4,8,,,8,12
784,XPNPEP3,4,2,,,2,2,4
711,KLC4,4,32,,,5,32,37
530,PHLPP2,4,1,1,,9,9,11
786,TAX1BP1,4,76,3,,,76,79
789,SNX33,4,18,,,1,18,19
523,PHLPP1,4,4,1,,9,9,14
709,KIF5A,4,22,7,,7,22,36
705,MYRIP,4,7,2,,,7,9
1004,PSENEN,4,11,11,,8,11,30
1026,TBC1D17,4,17,3,,3,17,23
958,OPTN,4,217,7,263,5,263,492
713,TRRAP,4,4,7,,71,71,82
1021,APH1A,4,36,10,,7,36,53
796,TNFAIP3,4,40,12,,,40,52
676,MDM2,4,137,21,,10,137,168
799,LTBR,4,7,8,,16,16,31
684,USP7,4,52,7,,16,52,75
322,EMILIN1,4,34,8,,2,34,44
962,RAB8A,4,13,16,,9,16,38
860,CHMP2A,4,21,2,,10,21,33
963,PSEN1,4,103,14,,9,103,126
712,SYTL3,4,3,,,2,3,5
300,MFAP3,4,1,6,,8,8,15
728,MCM10,4,35,18,,1,35,54
778,TNFSF14,4,21,7,,,21,28
729,MCM3,4,25,28,,11,28,64
732,CARD11,4,5,15,,3,15,23
727,MCM5,4,32,28,,11,32,71
736,TANK,4,27,20,,10,27,57
726,EPC1,4,9,7,41,23,41,80
739,TNFRSF1B,4,9,7,,2,9,18
742,UBE2V1,4,41,21,,18,41,80
270,A1BG,4,9,,486,11,486,506
280,PSAT1,4,7,,,1,7,8
725,RAB27A,4,18,7,,2,18,27
724,KLC1,4,18,7,,7,18,32
722,RUVBL1,4,15,11,,64,64,90
965,HTT,4,848,1,,6,848,855
721,MYO5A,4,7,3,,30,30,40
719,KLC2,4,8,7,,5,8,20
288,STX1A,4,127,7,,66,127,200
716,DNMT1,4,27,12,,29,29,68
756,TBKBP1,4,3,,,7,7,10
757,FASLG,4,67,5,,1,67,73
760,IKBKE,4,9,24,,16,24,49
763,AZI2,4,5,,,10,10,15
764,TBK1,4,12,30,,16,30,58
774,LTA,4,8,10,,2,10,20
715,KIF5B,4,28,,,7,28,35
714,RBBP4,4,46,19,,111,111,176
169,NR1H4,4,7,3,219,,219,229
782,TNIP1,4,94,1,,24,94,119
345,PKMYT1,4,22,4,,5,22,31
433,ORC2,4,21,14,,11,21,46
377,CCNB2,4,4,14,,8,14,26
814,TAB3,4,6,28,,7,28,41
375,DDB1,4,31,26,,93,93,150
845,ITGA2,4,7,7,,20,20,34
968,APH1B,4,7,10,1147,4,1147,1168
972,RAB8B,4,2,2,,11,11,15
350,CUL4B,4,5,25,,30,30,60
416,ERCC8,4,17,4,,12,17,33
417,COPS5,4,91,6,,25,91,122
331,MFAP4,4,1,6,,1,6,8
352,DDB2,4,6,11,,21,21,38
850,AP1G2,4,12,2,,10,12,24
431,ORC4,4,25,13,,7,25,45
384,CDK5R1,4,33,16,,4,33,53
198,VDR,4,45,2,,26,45,73
985,NCSTN,4,3,12,,8,12,23
127,TBX5,3,4,2,27,5,27,38
749,CARD8,3,1,1,,6,6,8
256,CFB,3,5,7,487,9,487,508
986,RABGEF1,3,42,8,87,2,87,139
720,USP37,3,,4,,,4,4
1585,COL3A1,3,8,4,,3,8,15
987,RAB3IP,3,45,16,,3,45,64
1581,P4HA2,3,17,7,,4,17,28
401,ERCC6,3,27,,,8,27,35
723,NQO1,3,3,1,26,8,26,38
993,CHM,3,8,50,,9,50,67
206,APOC3,3,7,2,487,11,487,507
991,RAB5C,3,18,6,,8,18,32
569,OS9,3,14,5,,16,16,35
988,SCML1,3,5,,,2,5,7
731,BCL2L11,3,25,4,,2,25,31
929,STXBP1,3,19,2,,60,60,81
973,BACE1,3,32,6,,1,32,39
733,BAX,3,19,2,,3,19,24
946,RAB14,3,12,9,,60,60,81
283,RET,3,22,24,,6,24,52
263,APOC2,3,24,2,482,,482,508
362,VCP,3,80,31,,23,80,134
272,ORM1,3,7,,486,9,486,502
133,TEAD2,3,44,2,,5,44,51
718,AZIN1,3,7,4,,1,7,12
1390,CC2D1B,3,7,4,,5,7,16
992,RABGGTA,3,1,3,,6,6,10
745,PYDC2,3,5,,,,5,5
746,BCL2,3,45,5,,14,45,64
1096,HRAS,3,154,86,,6,154,246
261,HBA2,3,25,8,150,,150,183
807,BCL2L1,3,70,2,,6,70,78
717,PSMC5,3,60,4,,45,60,109
655,POU3F2,3,5,2,,,5,7
1029,RAB35,3,14,8,,7,14,29
1008,CHML,3,,50,,2,50,52
1009,GGA2,3,20,7,,12,20,39
1025,RAB10,3,14,7,,61,61,82
1024,GDI2,3,5,48,,4,48,57
1010,NAT8,3,28,1,101,,101,130
980,RAB5B,3,16,6,,6,16,28
1020,GDI1,3,7,48,,7,48,62
691,PML,3,34,13,,7,34,54
1018,PPFIA3,3,15,6,,3,15,24
1016,YWHAE,3,100,12,,51,100,163
1015,TBC1D3,3,3,8,,1,8,12
248,APOA2,3,21,,486,14,486,521
1014,GGA3,3,23,14,,,23,37
247,HP,3,17,3,486,9,486,515
679,PPARG,3,80,6,,,80,86
1013,RAB12,3,1,5,49,7,49,62
910,SNAP25,3,16,2,,67,67,85
1604,CALU,3,16,,,10,16,26
976,RABEP1,3,54,8,,8,54,70
1006,RAB1A,3,28,21,,2,28,51
995,RAB5A,3,39,16,,11,39,66
653,POU3F1,3,,2,108,,108,110
975,RABGGTB,3,12,4,,11,12,27
834,YWHAZ,3,145,27,,17,145,189
209,HBB,3,8,24,148,8,148,188
710,ODC1,3,15,5,,2,15,22
983,CCDC43,3,5,,9,2,9,16
708,OAZ2,3,3,2,,1,3,6
707,OAZ3,3,16,2,1455,,1455,1473
706,OAZ1,3,10,2,,4,10,16
982,TBC1D3F,3,,,1459,2,1459,1461
999,RAB13,3,5,4,,8,8,17
1043,RAB3IL1,3,26,5,,3,26,34
1042,RAB6A,3,18,30,,9,30,57
1041,PTP4A2,3,3,1,,7,7,11
1001,RILP,3,7,2,,4,7,13
1037,TBC1D3C,3,2,,,1,2,3
649,SOX10,3,29,10,,,29,39
1035,RAB23,3,2,,,2,2,4
390,USP24,3,3,2,,7,7,12
1005,TNRC6C,3,3,5,,5,5,13
286,GAB1,3,55,49,,6,55,110
242,LRP1,3,38,2,,7,38,47
754,NLRC4,3,2,1,,,2,3
1568,P4HB,3,65,14,,6,65,85
810,BAK1,3,21,1,,2,21,24
820,NLRP2,3,2,,,3,3,5
1589,PDGFRB,3,33,21,,1,33,55
1573,P4HA3,3,49,7,,1,49,57
1590,COL1A2,3,18,5,,1,18,24
1576,PDGFB,3,12,27,,1,27,40
872,VAMP2,3,33,14,,71,71,118
158,ESR2,3,54,5,,18,54,77
522,RAD51D,3,48,5,,6,48,59
816,RHPN2,3,3,2,,1,3,6
524,H3C15,3,77,54,,7,77,138
525,XRCC2,3,5,5,,7,7,17
95,CR2,3,,3,,1,3,4
237,CFH,3,12,3,461,,461,476
998,GGA1,3,32,7,,2,32,41
189,YAP1,3,24,22,,7,24,53
1595,COL10A1,3,10,4,,,10,14
957,PAWR,3,10,,,3,10,13
146,VGLL4,3,11,,,7,11,18
1586,CAMKMT,3,1,1,,1,1,3
227,HBA1,3,12,,152,8,152,172
797,AIM2,3,6,2,,,6,8
811,CASP1,3,19,9,,11,19,39
798,MEFV,3,4,2,,,4,6
43,MED12,3,5,,,47,47,52
318,GAB2,3,13,45,,6,45,64
85,CD19,3,4,8,,3,8,15
1364,AGT,3,18,13,,2,18,33
152,TEAD4,3,47,3,212,7,212,269
40,MS4A1,3,36,,,3,36,39
502,ERCC5,3,3,5,,5,5,13
151,TEAD1,3,23,5,,5,23,33
794,NLRP4,3,1,5,849,,849,855
320,SHC3,3,50,4,,2,50,56
969,OSBPL1A,3,11,2,,3,11,16
868,CLTC,3,34,39,,24,39,97
1504,TINF2,3,91,,31,11,91,133
852,APBA3,3,12,2,,,12,14
960,MICALL1,3,7,,,1,7,8
1597,COL1A1,3,65,5,,4,65,74
970,BMX,3,11,2,179,,179,192
808,SFN,3,42,4,,7,42,53
69,IGHM,3,12,16,,6,16,34
952,TPX2,3,14,2,,4,14,20
804,NLRP1,3,2,2,,3,3,7
475,LENG1,3,84,,,2,84,86
1593,P4HA1,3,7,7,,3,7,17
167,TEAD3,3,13,2,,7,13,22
950,RAB1B,3,10,13,,3,13,26
77,CD81,3,49,4,,6,49,59
997,RAB4A,3,27,6,,7,27,40
964,AS3MT,3,,,13,3,13,16
947,RAB34,3,,,,7,7,7
289,MEMO1,3,19,13,,4,19,36
1578,ITGA11,3,,1,,2,2,3
759,CASP5,3,,,,3,3,3
758,MCL1,3,22,,,2,22,24
819,BAD,3,30,6,,3,30,39
1530,PARD6A,3,12,7,,14,14,33
954,RAB7A,3,24,8,,65,65,97
1536,PARD3,3,5,6,,20,20,31
775,BBC3,3,13,,,2,13,15
801,PYCARD,3,8,9,,6,9,23
861,SYT1,3,24,5,,59,59,88
99,HPR,3,1,,458,5,458,464
57,IGHD,3,2,13,,,13,15
1529,PIK3AP1,3,5,2,,18,18,25
438,USP45,3,4,1,,2,4,7
955,RUFY1,3,13,4,,3,13,20
966,TMEM102,3,1,,,3,3,4
222,APOE,3,74,6,,,74,80
332,GRAP2,3,67,43,128,6,128,244
773,NLRP3,3,9,12,10,5,12,36
772,BID,3,30,7,,,30,37
771,PSTPIP1,3,60,1,7,,60,68
919,WDR37,2,4,,,1,4,5
921,RAB9A,2,6,17,,2,17,25
1007,SHROOM3,2,,,,2,2,2
922,AP1S2,2,5,16,164,11,164,196
979,RAB32,2,6,6,,2,6,14
961,MTDH,2,4,,,4,4,8
920,VPS53,2,5,12,,5,12,22
923,VAMP1,2,33,,,3,33,36
917,SNAP23,2,25,6,,29,29,60
981,RIN3,2,48,5,,,48,53
984,IL24,2,23,6,,2,23,31
1003,EHD3,2,8,1,,,8,9
941,FURIN,2,6,27,,2,27,35
937,STX16,2,15,16,,24,24,55
990,C19orf54,2,,,,1,1,1
953,ANKLE2,2,3,5,,4,5,12
938,SNAP29,2,33,,,26,33,59
939,EIPR1,2,10,,,5,10,15
940,STX8,2,75,,,23,75,98
942,VPS51,2,12,12,,5,12,29
1002,NGFR,2,25,32,,5,32,62
943,NAPA,2,8,18,,24,24,50
951,SORT1,2,30,,,3,30,33
945,STX5,2,46,17,,23,46,86
971,HPS4,2,1,7,,1,7,9
949,RBSN,2,12,5,,3,12,20
994,RAB38,2,9,6,,2,9,17
936,VAMP8,2,5,3,,24,24,32
934,NUMB,2,17,8,,27,27,52
933,AFTPH,2,8,,,6,8,14
931,SNAP47,2,26,,,23,26,49
978,DTD2,2,,,,3,3,3
930,LGI3,2,,4,,,4,4
928,STX12,2,42,,,29,42,71
989,HMMR,2,18,5,,9,18,32
974,SALL2,2,5,,,2,5,7
927,SEC22B,2,69,31,,23,69,123
956,EEA1,2,8,,,7,8,15
926,AP1M1,2,95,17,,8,95,120
925,VAMP3,2,61,16,,27,61,104
924,TXLNA,2,93,3,,12,93,108
959,RAB39A,2,7,6,,,7,13
1000,NAT8B,2,,1,,,1,1
967,RAB31,2,8,6,,2,8,16
977,VPS45,2,9,2,,3,9,14
1409,ZFYVE19,2,12,,,1,12,13
1011,RAB3GAP2,2,3,6,,4,6,13
1361,CHMP6,2,15,,,10,15,25
1519,AXIN2,2,52,5,,,52,57
1350,VPS4B,2,13,3,,8,13,24
1351,FLOT1,2,32,4,,7,32,43
1352,TM9SF1,2,4,,,4,4,8
1518,SMG6,2,8,,,8,8,16
1516,DCLRE1B,2,14,,,6,14,20
1353,TSG101,2,141,14,,7,141,162
1514,NAF1,2,23,,,1,23,24
1513,AXIN1,2,68,16,,34,68,118
1354,HSPA2,2,65,,,6,65,71
1355,SMYD2,2,5,1,,,5,6
1512,PARN,2,3,2,,15,15,20
1356,ARL8A,2,4,,,2,4,6
1511,POT1,2,164,6,,8,164,178
1510,DKC1,2,22,1,,8,22,31
1508,CHD1L,2,5,10,,1,10,16
1507,TNKS2,2,32,5,,3,32,40
1506,TERT,2,56,4,,6,56,66
1505,GAR1,2,2,,,6,6,8
1357,ATP6AP2,2,17,1,16,7,17,41
1358,CHMP4A,2,18,,,9,18,27
1359,LEMD2,2,1,5,,,5,6
1360,DMPK,2,13,1,,,13,14
1503,TERF1,2,219,,,10,219,229
1502,DCP2,2,7,2,,14,14,23
1520,RTEL1,2,,3,,,3,3
1521,NOP10,2,6,,,7,7,13
1349,TMEM185A,2,9,,,6,9,15
1533,PARD6B,2,23,3,,10,23,36
1662,DLL1,2,1,4,,7,7,12
1549,NPHP4,2,3,6,,12,12,21
1545,LATS1,2,21,8,,3,21,32
1543,F11R,2,22,7,,3,22,32
1657,KAT2A,2,28,2,,62,62,92
1541,PRKCZ,2,23,11,,14,23,48
1540,PKN3,2,8,,,10,10,18
1535,PARD6G,2,11,3,115,1,115,130
915,BET1,2,51,11,,25,51,87
1655,ADAM10,2,44,14,,3,44,61
1534,PRKCI,2,24,11,,12,24,47
1532,DOCK8,2,29,1,,8,29,38
1522,KHSRP,2,8,6,,5,8,19
1531,SQSTM1,2,50,17,,7,50,74
1653,NOTCH3,2,15,18,,4,18,37
1652,MAML2,2,3,11,,,11,14
1346,CCDC115,2,9,,,8,9,17
1528,RHOJ,2,21,10,,1,21,32
1527,PIF1,2,1,1,,,1,2
1347,FGL2,2,,,,4,4,4
1526,WRAP53,2,3,,,8,8,11
1525,ZNRD2,2,25,,,2,25,27
1348,TMEM185B,2,,,,6,6,6
1523,TNKS,2,18,5,,7,18,30
1500,NHP2,2,10,,,8,10,18
1362,CHMP7,2,22,1,,,22,23
1012,SALL1,2,5,,,2,5,7
1499,SHQ1,2,3,1,,1,3,5
1381,CASP3,2,36,40,,5,40,81
1382,ATP6V0D1,2,12,1,,16,16,29
1383,CHMP3,2,14,,,11,14,25
1385,VPS28,2,44,14,75,6,75,139
1386,PLN,2,58,2,28,4,58,92
1388,TMEM79,2,36,,,4,36,40
1389,CHMP4C,2,7,,,11,11,18
1391,ATP6AP1,2,5,,,8,8,13
1392,MPZL3,2,2,,,3,3,5
1393,ATL1,2,17,,,3,17,20
1394,ATP2A1,2,7,,292,4,292,303
1395,SORBS1,2,17,,,2,17,19
1396,LGALS1,2,18,,,10,18,28
1397,ATP6V0C,2,60,,,20,60,80
1398,RTN3,2,33,2,,3,33,38
1399,ACE,2,2,1,8,2,8,13
1400,GCNT2,2,1,,,2,2,3
1401,VPS9D1,2,25,,,7,25,32
1402,CYLD,2,6,15,,4,15,25
1403,SPAST,2,3,4,,12,12,19
1404,ATP6V0D2,2,20,1,98,4,98,123
1405,VMA21,2,29,,,7,29,36
1406,C1orf21,2,2,,,5,5,7
1407,ELOF1,2,6,,,2,6,8
1408,MITD1,2,16,,,7,16,23
1380,ATP6V0A4,2,1,3,96,,96,100
1379,BTF3L4,2,3,,,1,3,4
1378,PRPF38A,2,24,,,2,24,26
1481,TBP,2,29,14,839,91,839,973
1498,TERF2IP,2,124,,,12,124,136
1496,TERF2,2,65,,,17,65,82
1495,ATRX,2,24,5,,3,24,32
1494,RNF146,2,12,5,,1,12,18
1363,IST1,2,12,4,,3,12,19
1365,TFG,2,71,12,,6,71,89
1492,ACD,2,65,,,7,65,72
1366,CAPN7,2,19,,,8,19,27
1367,REN,2,3,2,53,,53,58
1491,USP34,2,2,5,,,5,7
1488,ERCC2,2,9,,,36,36,45
1368,SLN,2,5,,324,3,324,332
1377,TIMP3,2,2,,,,2,2
1369,TBC1D24,2,,,,9,9,9
1370,PDIA6,2,44,,,5,44,49
1462,ERCC3,2,23,7,,57,57,87
1371,FLOT2,2,22,5,,6,22,33
1437,SKAP2,2,17,3,,5,17,25
1372,ZNF282,2,3,,,4,4,7
1410,SARAF,2,10,,,11,11,21
1373,CHMP5,2,23,3,,18,23,44
1374,CD68,2,12,,,2,12,14
1375,TCIRG1,2,4,3,,7,7,14
1376,VPS37C,2,100,11,,6,100,117
1550,RPGRIP1L,2,3,4,,3,4,10
1551,NPHP1,2,13,4,,4,13,21
1552,ASAP1,2,23,10,,14,23,47
1665,CTNNA1,2,39,22,,4,39,65
1058,DBT,2,2,6,,2,6,10
1059,SIL1,2,5,,,2,5,7
1060,BCKDK,2,10,4,,1,10,15
1061,BCKDHB,2,1,6,,2,6,9
1062,PDHA1,2,242,10,,19,242,271
1064,PDK3,2,3,6,,2,6,11
1065,FLYWCH1,2,15,,,4,15,19
1067,NPIPA9,2,3,,,,3,3
1068,PDK1,2,4,6,,2,6,12
1070,NSUN6,2,1,,241,,241,242
1072,STAT5A,2,35,42,,5,42,82
1073,DLD,2,308,17,,6,308,331
1074,PDK2,2,4,6,,2,6,12
1075,ABHD6,2,6,,,5,6,11
1076,UBA5,2,3,,,3,3,6
1077,OGDH,2,7,3,,8,8,18
1080,UFM1,2,16,,,8,16,24
1081,STAT5B,2,30,41,,5,41,76
1082,BCKDHA,2,3,6,,2,6,11
1086,MAPK1,2,67,81,,17,81,165
1087,KSR1,2,3,12,,5,12,20
1088,MAPK3,2,65,71,,16,71,152
1089,LAMTOR3,2,18,8,,26,26,52
1090,CNKSR1,2,15,,109,3,109,127
1091,BRAF,2,32,28,,7,32,67
1057,METTL21C,2,1,,173,1,173,175
1056,UFL1,2,10,,,6,10,16
1055,DDRGK1,2,1,,,5,5,6
1038,ACOT13,2,9,,183,3,183,195
1017,TRIM4,2,2,27,,2,27,31
1019,EHD2,2,7,1,,1,7,9
1022,AURKA,2,76,12,,17,76,105
1023,NGF,2,7,57,,3,57,67
1027,SIRT2,2,4,1,,4,4,9
1028,RAB18,2,8,6,,,8,14
1030,SUN2,2,9,,,2,9,11
1032,DDX3Y,2,1,,,2,2,3
1033,EHD1,2,10,1,,1,10,12
1034,GOLGA7B,2,3,,,1,3,4
1036,HPS1,2,1,7,,3,7,11
1039,RAB3GAP1,2,7,6,,4,7,17
1054,PDHB,2,26,10,,5,26,41
1040,RAB22A,2,7,,,2,7,9
1044,SNX6,2,15,,,2,15,17
1045,PDK4,2,3,6,,2,6,11
1046,GCSH,2,10,16,,1,16,27
1047,PPM1K,2,14,4,,2,14,20
1048,SNX1,2,43,,,13,43,56
1049,CDK5RAP3,2,14,,,5,14,19
1050,DLST,2,312,3,,13,312,328
1051,DLAT,2,6,10,,5,10,21
1052,PDHA2,2,1,10,1472,3,1472,1486
1053,PDHX,2,9,10,,5,10,24
1092,MAP2K1,2,33,18,,16,33,67
1093,CD44,2,26,11,,4,26,41
1094,ARAF,2,54,8,,2,54,64
1341,CHMP4B,2,30,,,11,30,41
1330,PAPPA,2,7,5,110,1,110,123
1331,CHMP2B,2,14,,,13,14,27
1332,TRPC4AP,2,8,,,2,8,10
1333,MOCOS,2,2,,,7,7,9
1334,TMEM199,2,17,,,23,23,40
1335,MIB2,2,4,9,105,3,105,121
1336,AGTR2,2,4,1,,,4,5
1337,CHMP1A,2,21,1,,14,21,36
1338,VPS4A,2,10,8,,5,10,23
1339,ATP6V0A1,2,7,3,,5,7,15
1340,CHMP1B,2,23,,,11,23,34
1342,MPZL2,2,3,,,,3,3
1328,IFRD2,2,5,,,1,5,6
1343,SPATA2,2,20,4,,4,20,28
1344,AIDA,2,10,,,2,10,12
1345,VTA1,2,22,3,,8,22,33
1675,JUP,2,35,6,,13,35,54
1564,PKD1,2,9,6,,18,18,33
1674,CDH10,2,3,,,4,4,7
1672,CTNND1,2,9,9,,9,9,27
1670,MAML3,2,10,11,,,11,21
1669,CTNNA2,2,1,13,,3,13,17
1667,CDH2,2,3,13,22,2,22,40
1666,SIRT1,2,6,14,,8,14,28
1329,AGTR1,2,62,1,,,62,63
1327,PRG2,2,3,,116,5,116,124
1095,YWHAB,2,60,37,,30,60,127
1285,DNAJA4,2,5,6,,3,6,14
1097,RAF1,2,108,32,,16,108,156
1098,LAMTOR2,2,6,8,,15,15,29
1099,MAP2K2,2,16,16,,12,16,44
1127,RHOA,2,84,75,,8,84,167
1130,RHOG,2,5,13,,3,13,21
1132,KTN1,2,43,7,,15,43,65
1250,HSPH1,2,10,2,,6,10,18
1254,PTPN23,2,18,,,6,18,24
1262,DNAJA2,2,8,6,,9,9,23
1278,GFRA3,2,1,24,,2,24,27
1282,AKAP10,2,5,7,,5,7,17
1286,HSPA1B,2,11,19,110,27,110,167
1326,CSNK1G1,2,7,,703,4,703,714
1293,USP8,2,12,11,,5,12,28
1305,PTGES3,2,27,14,,3,27,44
1306,ARTN,2,1,25,,2,25,28
1310,GAREM1,2,6,,,6,6,12
1318,CGNL1,2,9,,,1,9,10
1319,PIP4P1,2,8,,,7,8,15
1320,LRFN3,2,,2,,7,7,9
1321,ZNF460,2,10,,,2,10,12
1322,ANPEP,2,,1,78,,78,79
1323,ATP6V0A2,2,1,3,,3,3,7
1325,KIF7,2,2,,,3,3,5
916,HEATR5B,2,1,,,7,7,8
948,GPAM,2,2,,,4,4,6
914,AP1S3,2,3,16,108,10,108,137
254,FILIP1,2,5,1,,2,5,8
521,MUS81,2,2,6,,13,13,21
395,NEDD8,2,24,21,,15,24,60
329,GTF2IRD2B,2,1,,,2,2,3
321,GTF2IRD1,2,32,,,5,32,37
314,GTF2IRD2,2,8,,94,2,94,104
269,CP,2,1,1,475,13,475,490
266,GDPD1,2,,,,14,14,14
265,FCN1,2,34,2,29,5,34,70
264,SLC40A1,2,5,2,,,5,7
262,C4BPA,2,5,6,479,7,479,497
260,MBL2,2,5,5,486,2,486,498
259,CTSG,2,7,6,160,7,160,180
258,C2,2,9,23,242,,242,274
255,SERPINC1,2,4,1,486,2,486,493
253,CFI,2,1,8,468,,468,477
232,INHBC,2,,4,486,,486,490
252,APOA4,2,7,,32,11,32,50
251,MPO,2,9,,160,7,160,176
250,C4B_2,2,2,25,,,25,27
249,PROS1,2,9,8,217,,217,234
245,ORM2,2,3,,486,14,486,503
244,F9,2,1,12,486,,486,499
243,F2,2,11,31,486,,486,528
241,CD46,2,10,4,,,10,14
240,ZNF655,2,157,,,1,157,158
239,C4BPB,2,1,6,479,1,479,487
238,C4A,2,11,25,233,,233,269
236,WHAMM,2,,1,15,2,15,18
235,SERPIND1,2,1,1,481,6,481,489
234,ITIH2,2,2,,486,3,486,491
526,XRCC3,2,19,11,,4,19,34
527,SLX4,2,10,5,,,10,15
528,RAD51C,2,4,16,,4,16,24
529,NDUFAF5,2,,8,,3,8,11
609,CUL2,2,9,13,,36,36,58
606,HHIP,2,3,1,,,3,4
599,CUL5,2,22,7,,12,22,41
597,UBE2D2,2,120,22,,10,120,152
595,ERLEC1,2,1,5,,13,13,19
594,FAF2,2,3,,,20,20,23
592,AHR,2,9,5,,5,9,19
591,ARNT,2,55,8,,13,55,76
590,SHH,2,2,18,,,18,20
588,ELOC,2,37,20,,19,37,76
586,EPAS1,2,28,18,,3,28,49
584,SEL1L,2,1,6,,16,16,23
583,HIF1A,2,52,20,,12,52,84
580,VHL,2,107,15,,8,107,130
579,EGLN1,2,18,12,,2,18,32
577,SPATA48,2,3,,1463,,1463,1466
570,UBE2J1,2,50,,,12,50,62
566,ELOB,2,12,20,,19,20,51
561,ZMPSTE24,2,4,,,,4,4
553,DERL2,2,13,6,,23,23,42
552,CDON,2,3,17,,6,17,26
549,DHH,2,3,,1338,,1338,1341
547,BOC,2,8,17,,,17,25
542,SYVN1,2,8,6,,17,17,31
538,IHH,2,3,,,,3,3
535,PTCH1,2,15,7,,7,15,29
533,EGLN3,2,28,12,,2,28,42
532,PALB2,2,22,10,,,22,32
531,RAD51B,2,8,5,,5,8,18
233,CFHR4,2,5,1,486,,486,492
230,ROBO3,2,7,6,,,7,13
626,VDAC1,2,171,,,16,171,187
112,NKX2-5,2,9,3,35,,35,47
161,ELK4,2,1,,,4,4,5
160,GPR37,2,62,1,,,62,63
159,RUNX2,2,4,42,,2,42,48
148,ELK3,2,10,,,2,10,12
144,ASAH1,2,5,,,3,5,8
141,EWS-Fli1,2,,,,3,3,3
139,AAGAB,2,7,,,1,7,8
138,GPR37L1,2,55,1,,,55,56
135,MAF,2,8,1,,,8,9
132,HIVEP3,2,3,2,,2,3,7
124,ELK1,2,15,3,,5,15,23
121,FLI1,2,9,,,3,9,12
117,SENP1,2,5,3,815,8,815,831
114,GBA1,2,,1,,,1,1
107,RANBP2,2,26,4,,73,73,103
229,INHBE,2,,4,485,2,485,491
104,SOX9,2,6,3,,,6,9
100,NANOG,2,4,6,,2,6,12
97,GOLGA5,2,3,5,,4,5,12
90,ACKR3,2,11,1,,7,11,19
75,ABCC1,2,4,,,4,4,8
66,CERS2,2,17,,223,2,223,242
50,VKORC1,2,101,,261,4,261,366
49,CXCR4,2,14,4,,11,14,29
44,GJB2,2,40,1,98,4,98,143
41,CERS6,2,3,,,1,3,4
39,CXCL12,2,23,4,,,23,27
35,GJB1,2,50,1,,,50,51
30,KCNK1,2,13,,,5,13,18
7,ADRA1A,2,30,4,170,1,170,205
164,NR5A1,2,25,8,,2,25,35
168,SENP2,2,27,3,,16,27,46
171,SRY,2,2,1,840,,840,843
173,WT1,2,60,3,,,60,63
228,NELL2,2,12,1,,1,12,14
226,CRP,2,15,3,474,,474,492
225,COLEC10,2,,6,445,2,445,453
221,COLEC11,2,,6,,1,6,7
220,F11,2,2,7,494,,494,503
219,FLNA,2,125,10,,1,125,136
218,FCN3,2,,2,247,,247,249
217,GP9,2,5,11,9,,11,25
216,GP1BA,2,9,11,,5,11,25
214,HBD,2,6,,160,4,160,170
213,FCN2,2,4,2,474,5,474,485
211,VWF,2,20,26,,1,26,47
210,HEPH,2,1,1,,,1,2
205,MASP2,2,4,10,481,,481,495
204,GP1BB,2,3,11,,10,11,24
203,F12,2,3,9,483,,483,495
202,PTX3,2,8,,,2,8,10
201,MASP1,2,12,10,220,,220,242
200,RHOD,2,5,15,,5,15,25
199,RANGAP1,2,19,4,,13,19,36
194,SRF,2,22,6,,5,22,33
192,ZFPM2,2,14,3,,,14,17
188,MYOCD,2,1,,,2,2,3
187,CNPY2,2,5,,,1,5,6
185,PSAP,2,24,3,,3,24,30
184,TWIST2,2,15,1,,,15,16
177,HIPK1,2,11,3,,,11,14
175,GATA4,2,4,7,,2,7,13
174,WWP1,2,35,8,,9,35,52
615,CDX1,2,3,,,,3,3
246,UAP1,2,2,,,2,2,4
892,STX3,2,41,1,,29,41,71
874,AP2M1,2,74,34,,28,74,136
894,AP2A2,2,6,33,,20,33,59
698,PLK2,2,5,3,,5,5,13
702,NPM1,2,97,16,,156,156,269
891,STX10,2,6,14,,23,23,43
787,COG5,2,4,,,8,8,12
803,COG7,2,7,,,8,8,15
890,ZFAND6,2,5,10,,3,10,18
889,AP1M2,2,12,17,,10,17,39
888,AP2S1,2,6,31,,20,31,57
658,ECE1,2,8,1,,1,8,10
657,NUDC,2,74,2,,1,74,77
886,AP1S1,2,6,16,,8,16,30
885,SLC17A7,2,1,3,,,3,4
656,EDN1,2,7,4,,1,7,12
883,PACS1,2,7,8,,4,8,19
654,EML1,2,8,,,4,8,12
652,TFEB,2,,,,3,3,3
880,VPS54,2,13,12,,5,13,30
879,STX6,2,29,5,,25,29,59
651,PLK1,2,59,27,,6,59,92
877,AP1AR,2,3,,,10,10,13
650,NEK7,2,66,,,1,66,67
876,AP2B1,2,77,31,,20,77,128
695,CENPJ,2,14,1,,5,14,20
895,SYNRG,2,5,,,3,5,8
897,ZFAND5,2,4,,,2,4,6
661,EML2,2,12,,,4,12,16
911,IGF2R,2,13,11,,6,13,30
908,STX4,2,51,10,,6,51,67
907,AP2A1,2,10,33,,25,33,68
906,STX1B,2,28,1,,59,59,88
905,DNM2,2,168,23,,19,168,210
904,VPS50,2,2,,,5,5,7
903,STXBP5,2,2,,,24,24,26
660,MOGS,2,1,,,2,2,3
900,VAMP4,2,49,5,,23,49,77
899,SLC18A3,2,6,3,,,6,9
662,EDNRB,2,2,3,,,3,5
898,AP1G1,2,15,18,,11,18,44
663,TUBB2A,2,32,,,5,32,37
664,ECE2,2,6,1,,,6,7
665,XK,2,1,2,,,2,3
666,KLHDC10,2,2,,,2,2,4
667,KITLG,2,3,28,,1,28,32
668,FLT3LG,2,5,23,,,23,28
669,PYCR1,2,10,,,1,10,11
680,PPARA,2,59,6,,,59,65
681,PAX3,2,12,1,,7,12,20
687,FABP1,2,4,4,149,,149,157
648,NEK6,2,118,2,,1,118,121
659,EML4,2,2,2,,7,7,11
873,STX7,2,46,,,26,46,72
643,NEK9,2,7,5,,6,7,18
859,AGFG1,2,10,1,,4,10,15
855,MLF1,2,62,,844,1,844,907
862,STAMBP,2,35,1,,10,35,46
639,EDN2,2,,2,,,2,2
844,LMNB2,2,37,,,8,37,45
640,CD2AP,2,19,7,,11,19,37
854,GOSR1,2,2,9,,23,23,34
638,KEL,2,11,2,5,,11,18
856,VTI1B,2,34,,,23,34,57
641,EDNRA,2,4,3,,1,4,8
865,PICALM,2,12,3,,13,13,28
642,MITF,2,11,2,,3,11,16
851,VAMP7,2,3,3,,2,3,8
857,VTI1A,2,2,16,,23,23,41
869,GOSR2,2,51,14,,23,51,88
645,EDN3,2,,4,,,4,4
853,AP1B1,2,38,18,,8,38,64
870,VPS52,2,107,12,,5,107,124
646,EML3,2,2,,,2,2,4
647,CLGN,2,3,,856,2,856,861
644,TFE3,2,2,,,3,3,5
1644,S1PR5,1,4,,,12,12,16
842,SC5D,1,,,251,4,251,255
1643,TRMT10C,1,2,2,,5,5,9
1642,ARHGDIG,1,10,4,,4,10,18
1641,USP3,1,,,,3,3,3
1622,NT5E,1,3,,,3,3,6
1645,PRORP,1,,2,,10,10,12
1640,HSD17B10,1,181,2,244,5,244,432
843,AGPAT3,1,18,,,7,18,25
223,CFP,1,37,3,,,37,40
1639,PEX19,1,36,5,,14,36,55
1621,ZFP36,1,24,3,,3,24,30
1638,AGO3,1,5,4,,1,5,10
1637,SLC27A2,1,1,,213,,213,214
1620,GANC,1,,,,4,4,4
1627,TMEM143,1,15,,226,8,226,249
1623,AGO2,1,15,15,,10,15,40
1632,ARHGDIA,1,33,14,,11,33,58
1628,TNRC6B,1,6,5,,,6,11
1629,ABCD1,1,6,4,,5,6,15
1625,SLC6A8,1,2,,,3,3,5
1630,TARBP2,1,24,2,,6,24,32
1624,TNRC6A,1,9,5,,,9,14
1631,DICER1,1,8,3,,28,28,39
1633,PEX3,1,3,5,,,5,8
1626,PTDSS1,1,2,,,4,4,6
849,IRS1,1,20,31,,3,31,54
848,IGF1R,1,64,7,,8,64,79
1634,ELOVL2,1,4,,171,5,171,180
847,INSR,1,33,5,,9,33,47
1635,SLC39A4,1,1,,64,8,64,73
1636,GOLM1,1,77,,,8,77,85
215,ELANE,1,3,1,160,1,160,165
1650,PEX16,1,27,2,,5,27,34
1646,AGO1,1,6,8,,4,8,18
838,KNG1,1,3,6,490,,490,499
837,GPR89A,1,,,,9,9,9
1668,CSTA,1,9,,97,,97,106
231,PRDX4,1,26,,,,26,26
836,GP5,1,,11,,,11,11
1671,JAG1,1,6,5,,,6,11
909,GCC2,1,5,12,,1,12,18
1673,NOTCH4,1,3,13,,,13,16
1493,GNE,1,65,,211,2,211,278
912,SYT9,1,5,1,,,5,6
1676,PRAG1,1,4,,,4,4,8
1677,ABL2,1,33,8,,14,33,55
1678,GORAB,1,60,,,3,60,63
1679,CLEC4G,1,28,1,264,,264,293
1680,TINAGL1,1,18,,,1,18,19
1681,B4GALNT4,1,1,,,4,4,5
1682,ATP10D,1,1,,,,1,1
1683,BHLHE41,1,19,1,,1,19,21
1497,C2orf68,1,13,,,2,13,15
1664,TGM5,1,10,,154,3,154,167
1647,LONRF3,1,10,,,1,10,11
1663,AMIGO1,1,38,,,3,38,41
224,CYP27A1,1,1,,272,17,272,290
1648,PIGW,1,1,,,5,5,6
1649,RHOH,1,27,3,,,27,30
1618,ABCD3,1,9,4,,9,9,22
1651,ARHGDIB,1,11,5,,1,11,17
841,VKORC1L1,1,17,,,7,17,24
1501,PIP5K1B,1,,3,,2,3,5
1654,CCDC51,1,1,,,3,3,4
840,PRCP,1,1,3,,39,39,43
901,EPS15,1,25,12,,24,25,61
1656,YOD1,1,24,1,,3,24,28
902,ABCC6,1,5,,212,,212,217
1658,TACC3,1,32,2,,6,32,40
1659,ADAM17,1,6,15,,7,15,28
1660,ITGB3BP,1,74,11,,14,74,99
1661,ABL1,1,186,26,,6,186,218
839,C1QBP,1,34,4,,45,45,83
1619,ABCD2,1,2,4,,,4,6
1609,ABRAXAS2,1,4,4,,3,4,11
1617,TMEM120B,1,56,,,8,56,64
1567,PTP4A3,1,1,,126,,126,127
1560,CKAP4,1,26,4,,20,26,50
1561,SIRPG,1,2,1,,1,2,4
1562,CACNA2D2,1,,10,6,23,23,39
1563,SLC25A24,1,2,,,,2,2
863,PLIN3,1,35,17,,4,35,56
1565,SFTPA2,1,2,8,21,,21,31
1566,ZDHHC2,1,2,1,,,2,3
887,TOR1A,1,52,1,,3,52,56
1558,SIRPA,1,15,11,,1,15,27
1569,ERO1B,1,2,1,,1,2,4
1570,NES,1,8,,,,8,8
1571,PTPN2,1,7,3,,3,7,13
1572,MSR1,1,7,2,,,7,9
1574,GPX7,1,14,2,,,14,16
1575,COL4A3,1,1,2,,3,3,6
1524,HADHA,1,18,1,,3,18,22
1559,SUGCT,1,,,,5,5,5
1557,OSCAR,1,,1,,,1,1
1616,SLC25A52,1,,,1453,5,1453,1458
1546,SFTPA1,1,1,8,21,,21,30
871,ACADL,1,2,,,1,2,3
1537,DIP2A,1,24,,,10,24,34
1538,NYAP2,1,2,,,10,10,12
1539,PLEKHH3,1,,,,10,10,10
878,EPN1,1,12,5,,5,12,22
1542,WDR6,1,7,,,12,12,19
1544,RIOK1,1,,,,4,4,4
867,M6PR,1,11,11,,2,11,24
1556,DMBT1,1,2,4,30,,30,36
1547,SKAP1,1,10,,,5,10,15
1548,SFTPD,1,2,7,20,,20,29
881,REPS2,1,11,6,,24,24,41
884,CRYL1,1,1,,,,1,1
1553,CHST10,1,3,,,18,18,21
1554,SFTA3,1,,2,,,2,2
1555,CD47,1,10,10,,32,32,52
1577,COL5A2,1,1,,,1,1,2
858,SYT2,1,25,1,,1,25,27
1579,GPX8,1,155,2,,1,155,158
1608,BRCC3,1,2,4,,7,7,13
1601,COL4A1,1,4,4,,,4,8
1602,RCN2,1,14,,118,3,118,135
1603,RCN1,1,33,,119,7,119,159
1515,HADHB,1,19,1,,25,25,45
1605,COL4A6,1,4,3,,,4,7
1606,VPS37B,1,25,11,,6,25,42
1607,BABAM2,1,3,4,,5,5,12
875,RABEPK,1,8,12,,,12,20
1580,COCH,1,4,,,3,4,7
1610,SHMT1,1,10,,190,1,190,201
1611,SHMT2,1,14,,201,1,201,216
1612,BABAM1,1,4,4,,3,4,11
1613,PRKRA,1,26,2,14,4,26,46
1614,MOV10,1,1,7,,168,168,176
212,SERPINA3,1,17,,430,1,430,448
1615,AGO4,1,1,4,,1,4,6
1600,COL4A5,1,36,5,,4,36,45
1599,DIPK2A,1,,,,1,1,1
1598,ERO1A,1,8,2,66,1,66,77
1596,NUTF2,1,47,,,1,47,48
207,CR1,1,,6,,,6,6
1582,COL2A1,1,16,,117,3,117,136
1583,COL8A2,1,17,,,3,17,20
208,INHA,1,1,4,848,3,848,856
1584,ITGA1,1,4,3,,22,22,29
1684,ATP10A,1,1,,,,1,1
893,TTC4,1,6,,,1,6,7
1587,PTRH1,1,5,,,2,5,7
1588,COL4A2,1,11,4,,,11,15
935,STON2,1,7,4,,22,22,33
1517,DVL1,1,25,15,,6,25,46
1591,COL4A4,1,1,2,,,2,3
1592,COL5A1,1,2,,,4,4,6
1594,AGPAT1,1,2,,,1,2,3
932,NSF,1,11,18,,,18,29
634,CHCHD10,1,2,,,,2,2
1693,SDCCAG8,1,6,,,2,6,8
1685,CD99L2,1,9,1,,1,9,11
1843,KCTD15,1,22,3,,5,22,30
1819,TRIM27,1,356,1,,11,356,368
1820,MAPK12,1,12,16,164,3,164,195
1821,MAPK13,1,6,,,1,6,7
1822,KRAS,1,58,86,,2,86,146
1823,CTBP1,1,69,8,,35,69,112
1824,CDH11,1,3,,,3,3,6
1825,KMT2A,1,27,6,,61,61,94
1826,CBLL1,1,4,3,,5,5,12
1827,ARHGAP10,1,5,1,,3,5,9
1828,ARHGAP26,1,3,4,,2,4,9
1829,CDH5,1,2,6,56,6,56,70
1830,C2CD2,1,,,,2,2,2
1831,CITED2,1,11,5,,2,11,18
1832,CTCF,1,15,5,,11,15,31
1833,EZH2,1,51,20,,11,51,82
1834,TFAP2C,1,75,13,78,2,78,168
1835,KCTD1,1,22,3,,,22,25
1836,TFAP2A,1,84,13,75,2,84,174
1837,EED,1,44,20,,13,44,77
1838,KDM5B,1,2,2,791,6,791,801
1839,YY1,1,71,15,,36,71,122
1840,SUZ12,1,8,22,,12,22,42
1841,CITED4,1,1,5,,,5,6
1818,MDM4,1,36,5,,3,36,44
1817,PREX2,1,5,1,,,5,6
1816,USP2,1,151,2,9,9,151,171
1803,EGR2,1,16,9,,1,16,26
1793,STN1,1,26,6,,3,26,35
1794,TYMS,1,3,,,1,3,4
1795,DHFR,1,2,,,1,2,3
1796,TEN1,1,17,6,,3,17,26
1797,WDR45B,1,,,,2,2,2
1798,ACTR3C,1,,,,3,3,3
1799,USB1,1,1,,,19,19,20
1800,CTC1,1,5,6,,3,6,14
1801,AMOT,1,55,2,105,14,105,176
1802,SNAI1,1,37,,,3,37,40
1804,MAGEB2,1,10,,1472,1,1472,1483
1815,TMPO,1,9,,,7,9,16
1805,CHD4,1,34,2,,55,55,91
1806,AMOTL2,1,88,2,,9,88,99
1807,NAB2,1,83,5,,,83,88
1808,AMOTL1,1,,2,,7,7,9
1809,NAB1,1,3,4,,4,4,11
1810,EGR1,1,10,2,,2,10,14
1811,TMEM9,1,15,,,1,15,16
1812,NTRK1,1,18,34,,3,34,55
1813,PTEN,1,48,11,,2,48,61
1814,OTUD3,1,1,1,,,1,2
1842,C3orf62,1,11,,785,2,785,798
1844,TFAP2B,1,11,11,114,,114,136
1791,ALKBH7,1,4,,,,4,4
1845,YEATS4,1,13,1,,25,25,39
1872,ARL14EP,1,4,,,7,7,11
1873,PIAS1,1,105,2,,2,105,109
1874,AFG3L2,1,6,6,,12,12,24
1875,HDAC6,1,41,26,,8,41,75
1876,MOCS3,1,4,1,,,4,5
1877,ISCU,1,17,3,,,17,20
1878,GPD1,1,7,,,1,7,8
1879,SDHB,1,8,3,,3,8,14
1880,NFS1,1,3,4,,2,4,9
1881,CBX5,1,65,5,,13,65,83
1882,NDUFAB1,1,35,2,,49,49,86
1883,SDHA,1,129,3,,9,129,141
1884,MICU1,1,,,,4,4,4
1885,SMDT1,1,,6,,4,6,10
1886,SDHC,1,8,3,,,8,11
1887,MBD1,1,38,2,,5,38,45
1888,NDUFV3,1,5,,,46,46,51
1889,TRIM28,1,28,4,,40,40,72
1890,MICU2,1,1,,,4,4,5
1891,MFN1,1,,,,3,3,3
1892,PEPD,1,4,,,2,4,6
1893,PMPCB,1,5,9,,1,9,15
1894,GJA10,1,1,,1472,,1472,1473
1871,HSPD1,1,114,,,46,114,160
1870,CDNF,1,,,,2,2,2
1869,SETDB1,1,215,1,,14,215,230
1856,ZNF45,1,,1,,,1,1
1846,ACOT1,1,,,,1,1,1
1847,PPIF,1,21,,,9,21,30
1848,SPG7,1,30,6,,2,30,38
1849,LYRM4,1,1,3,,8,8,12
1850,ADSL,1,3,,,20,20,23
1851,MAIP1,1,5,6,,,6,11
1852,OTC,1,,1,290,2,290,293
1853,ATF7IP,1,65,1,,4,65,70
1854,HSPA9,1,31,,,9,31,40
1855,MCUB,1,1,,,7,7,8
1857,UBAC2,1,10,,,3,10,13
1868,MCU,1,,,,4,4,4
1858,ZNF350,1,8,3,,2,8,13
1859,NDUFB8,1,6,1,,46,46,53
1860,TALDO1,1,9,,5,11,11,25
1861,FXN,1,13,3,,7,13,23
1862,SETDB2,1,2,,,,2,2
1863,PMPCA,1,3,1,,1,3,5
1864,PHB2,1,23,6,,24,24,53
1865,MCAT,1,,1,,11,11,12
1866,SDHAF2,1,6,,,3,6,9
1867,SDHD,1,5,3,,,5,8
1792,SNX11,1,10,,,1,10,11
1790,INVS,1,6,,,6,6,12
1686,COLEC12,1,2,1,,2,2,5
1737,ADD1,1,12,4,,3,12,19
1713,AMPH,1,13,1,,59,59,73
1714,ADD3,1,6,2,,2,6,10
1715,LRP2,1,25,4,,,25,29
1716,SLC2A1,1,16,,,2,16,18
1717,SNX9,1,18,,,1,18,19
1718,CD320,1,1,1,,,1,2
1719,SCN1A,1,2,,,,2,2
1720,SYNE2,1,19,,12,6,19,37
1721,NTSR2,1,,1,,,1,1
1722,MYO6,1,23,2,,27,27,52
1723,TPD52,1,12,,,3,12,15
1724,LDLR,1,9,11,,8,11,28
1725,CDK14,1,9,,,1,9,10
1726,PCSK9,1,2,9,220,,220,231
1727,SYNGAP1,1,24,,,,24,24
1728,LDLRAP1,1,14,3,,1,14,18
1729,BIN1,1,21,1,53,4,53,79
1730,PPP1R14B,1,,,70,3,70,73
1731,NTSR1,1,2,1,,,2,3
1732,FGR,1,12,1,2,1,12,16
1733,DMTN,1,8,3,,3,8,14
1734,NLN,1,3,1,,1,3,5
1735,LRP8,1,26,2,,1,26,29
1712,ADD2,1,,2,,3,3,5
1711,DPPA4,1,35,,,2,35,37
1710,TCN2,1,1,3,42,,42,46
1697,PILRB,1,2,1,,4,4,7
1687,CD99,1,12,3,,,12,15
1688,DOK3,1,31,,,2,31,33
1689,ATP8B1,1,1,,,,1,1
1690,TMEM30A,1,12,,,8,12,20
1691,PILRA,1,9,5,,4,9,18
1692,ATP11A,1,1,,,1,1,2
833,KLKB1,1,11,7,463,,463,481
1694,LRRTM4,1,,,,4,4,4
1695,TPP2,1,6,,,2,6,8
1696,ATP10B,1,1,,,,1,1
1698,PIANP,1,4,1,,,4,5
1709,SYNE1,1,23,,,4,23,27
1699,NID2,1,19,1,,3,19,23
1700,SCARA3,1,6,,,2,6,8
1701,HSPG2,1,17,16,,3,17,36
1702,ANTXR1,1,,1,,1,1,2
1703,NFIL3,1,17,1,,,17,18
1704,NPDC1,1,36,1,,1,36,38
1705,SLC6A1,1,4,,,,4,4
1706,CHD2,1,14,,,,14,14
1707,NTS,1,4,3,,,4,7
1708,UBP1,1,7,,,1,7,8
1736,DAB2,1,16,4,,12,16,32
1738,ANKRD29,1,10,,,3,10,13
1789,ANKS6,1,20,,,3,20,23
1739,PIK3R5,1,6,9,,,9,15
1766,GSTK1,1,9,,,2,9,11
1767,FGFR3,1,313,16,,3,313,332
1768,CORO1B,1,11,,,2,11,13
1769,CASP9,1,14,14,,2,14,30
1770,ARL3,1,13,4,,,13,17
1771,APIP,1,20,3,,2,20,25
1772,SPATA7,1,7,,817,1,817,825
1773,AHI1,1,3,,,2,3,5
1774,NEK8,1,15,,,4,15,19
1775,MTARC2,1,,3,,9,9,12
1776,NPHP3,1,4,2,,4,4,10
1777,CYB5R3,1,64,4,,2,64,70
1778,HTRA2,1,68,,,2,68,70
1779,GNAT1,1,2,14,,,14,16
1780,XIAP,1,63,11,,5,63,79
1781,RP2,1,3,2,,3,3,8
1782,HAP1,1,92,,,1,92,93
1783,B9D2,1,10,,,3,10,13
1784,DIABLO,1,40,6,,,40,46
1785,RPGRIP1,1,28,,1471,1,1471,1500
1786,CPVL,1,1,,,2,2,3
1787,CYB5A,1,8,1,218,,218,227
1788,CYB5B,1,48,3,,2,48,53
1765,UACA,1,15,3,,11,15,29
1764,C20orf85,1,22,,38,,38,60
1763,CENPN,1,7,,,23,23,30
1750,CYS1,1,,2,75,,75,77
1740,NCR3LG1,1,10,3,,,10,13
1741,PIK3CG,1,9,11,,,11,20
1742,PIK3R6,1,9,3,,,9,12
1743,NCR3,1,5,3,,1,5,9
1744,ADAMTSL2,1,3,,,,3,3
1745,CYP4A11,1,2,,457,,457,459
1746,ADAMTS2,1,3,,,,3,3
1747,CD247,1,9,59,95,1,95,164
1748,CD3E,1,15,35,133,,133,183
1749,GRB7,1,54,21,,1,54,76
1751,MTARC1,1,3,3,,,3,6
1762,B9D1,1,2,,,3,3,5
1752,EPS15L1,1,14,,,2,14,16
1753,TROAP,1,18,,,2,18,20
1754,TTC30B,1,1,,,21,21,22
1755,TBC1D13,1,5,,,2,5,7
1756,CYCS,1,31,9,,7,31,47
1757,TMEM231,1,5,,9,3,9,17
1758,UNC119B,1,2,4,,2,4,8
1759,APAF1,1,7,9,,4,9,20
1760,OSTF1,1,53,,,5,53,58
1761,SLC44A2,1,2,,,3,3,5
835,FITM2,1,2,,25,7,25,34
1472,GTF2B,1,53,7,,63,63,123
1490,CARS1,1,4,,,,4,4
1205,CLEC4M,1,2,,335,2,335,339
1195,TMEM161B,1,,,,2,2,2
1196,KCNJ5,1,2,7,15,,15,24
1197,GNAS,1,6,,,21,21,27
1198,RIC8A,1,24,,,11,24,35
1199,GNB2,1,55,7,,22,55,84
1200,RGS20,1,55,1,,3,55,59
1201,BTN2A1,1,6,1,,4,6,11
1202,GNAO1,1,17,2,,59,59,78
1203,HTR1B,1,3,,,4,4,7
1204,GCGR,1,3,5,263,,263,271
1206,PTGER3,1,23,,,3,23,26
1218,GABBR2,1,11,13,,2,13,26
1207,KCNJ6,1,58,7,,,58,65
1208,PLCB3,1,2,10,33,15,33,60
1209,GNG12,1,3,,,10,10,13
1210,HTR1D,1,,,,3,3,3
1211,OCIAD1,1,11,,,7,11,18
1212,BTK,1,22,43,,2,43,67
1213,PTGIR,1,7,2,,,7,9
1214,ADCY3,1,2,1,,,2,3
1215,KCNJ2,1,9,9,,,9,18
1216,GNAT2,1,1,9,,3,9,13
1194,KCNJ4,1,4,9,,,9,13
1193,KCNJ9,1,1,7,,,7,8
1192,RGS12,1,5,,,5,5,10
1191,GNG7,1,8,,,15,15,23
1170,GNA15,1,7,30,,,30,37
1171,GNAL,1,2,7,,7,7,16
1172,GNB4,1,15,7,,22,22,44
1173,MTNR1B,1,112,,,2,112,114
1174,GABBR1,1,20,13,,1,20,34
1175,GNG11,1,7,,,16,16,23
1176,GNG8,1,1,,,7,7,8
1177,GNG10,1,6,,,15,15,21
1178,RAP1GAP,1,10,11,,12,12,33
1179,GNG2,1,12,67,,77,77,156
1180,PTK7,1,40,,,4,40,44
1181,ICAM2,1,3,1,,,3,4
1182,KCTD16,1,2,,,2,2,4
1183,MTNR1A,1,139,,,3,139,142
1184,PDZK1,1,27,,82,8,82,117
1185,ADRA2C,1,13,3,,,13,16
1186,CNNM4,1,,,,1,1,1
1187,PDCL,1,9,13,,9,13,31
1188,KCNJ10,1,1,8,,8,8,17
1189,BTN2A2,1,42,,,4,42,46
1190,P2RY12,1,,6,,2,6,8
1217,GNB1,1,49,71,,35,71,155
1219,GNAI3,1,23,7,,14,23,44
1489,HEXIM1,1,6,,,14,14,20
1256,PRKAR2B,1,13,10,6,7,13,36
1246,DDR2,1,4,,,3,4,7
1247,LRRK2,1,203,5,,5,203,213
1248,AKAP5,1,11,12,,14,14,37
1249,DPP3,1,8,,,3,8,11
564,SCOC,1,16,1,,1,16,18
1251,CDK5RAP2,1,24,,,8,24,32
1252,PRKAR1B,1,76,10,,13,76,99
1253,SELENOI,1,5,,,,5,5
563,TAMALIN,1,4,,,1,4,5
1255,PRKAR1A,1,57,10,,8,57,75
1257,USP54,1,85,,,2,85,87
1220,GNA13,1,7,12,,26,26,45
1258,OSBPL11,1,1,,,5,5,6
1259,STUB1,1,104,5,,11,104,120
1260,RNF128,1,9,2,,,9,11
1261,CLINT1,1,4,4,,7,7,15
562,PLEKHA3,1,8,1,,1,8,10
1263,PPAT,1,2,,,4,4,6
1264,UBE2G1,1,8,,65,1,65,74
1265,UBE2D3,1,116,23,,5,116,144
1266,PIR,1,5,,,3,5,8
1267,ANKRD26,1,6,,,6,6,12
1245,KCNE5,1,6,,,1,6,7
1244,SCARA5,1,15,2,,,15,17
1243,RGS14,1,11,,,3,11,14
1242,S1PR2,1,1,,,10,10,11
1221,S1PR1,1,5,,,9,9,14
1222,GNAT3,1,,12,35,3,35,50
1223,KCNJ3,1,,7,,,7,7
1224,RGS17,1,46,1,,,46,47
1225,MAGED2,1,4,,,4,4,8
1226,GPR26,1,,,,1,1,1
1227,GPR39,1,2,,,,2,2
1228,GNAI1,1,26,7,,27,27,60
1229,FARP2,1,2,10,,8,10,20
1230,GNG3,1,9,,,13,13,22
1231,GNAZ,1,12,8,,24,24,44
1232,KCNJ14,1,,3,,,3,3
1233,GNAQ,1,13,30,,10,30,53
1234,HTR1A,1,5,,,6,6,11
1235,TYW1B,1,1,,,3,3,4
1236,GNG4,1,9,,,15,15,24
1237,KCNJ12,1,2,9,84,,84,95
1238,GNGT1,1,9,5,76,7,76,97
1239,GNA12,1,4,11,,6,11,21
1240,ADRA2A,1,7,3,,1,7,11
1241,RGS7,1,8,1,,1,8,10
1169,CD209,1,14,3,,2,14,19
1168,PLCB1,1,9,10,,5,10,24
1167,ANKRD13B,1,1,,,3,3,4
596,SELENOK,1,39,,,10,39,49
1078,PRL,1,4,13,83,1,83,101
1079,CSH2,1,7,,117,1,117,125
604,NRAP,1,4,,371,,371,375
603,DDX42,1,12,,,8,12,20
602,ZFP14,1,2,,,,2,2
1083,PRLR,1,5,13,47,1,47,66
1084,CSH1,1,6,13,117,1,117,137
601,PKHD1,1,2,,52,1,52,55
600,MAGT1,1,11,,,7,11,18
598,RNF7,1,22,,,8,22,30
593,STT3A,1,8,,,11,11,19
1166,KCNJ15,1,2,5,38,,38,45
589,RPLP2,1,11,,,127,127,138
587,RGSL1,1,2,,1392,,1392,1394
1100,DLG4,1,86,60,,8,86,154
1101,GRIN2A,1,9,22,,3,22,34
1102,GOPC,1,58,2,,5,58,65
1103,PREX1,1,6,1,,,6,7
1105,EPHB4,1,3,,,6,6,9
585,GBF1,1,3,13,,11,13,27
1107,EPHA5,1,2,,,10,10,12
1108,TIAM1,1,12,12,,3,12,27
605,RPN2,1,15,,,13,15,28
608,FAM3D,1,1,,,1,1,2
610,FABP5,1,,2,78,49,78,129
611,PLEKHA8,1,,1,,,1,1
631,CHCHD6,1,3,,,14,14,17
630,APOO,1,,,,10,10,10
629,CARD19,1,1,,,10,10,11
627,CCDC127,1,1,,,7,7,8
635,SAMM50,1,4,2,,13,13,19
625,APOOL,1,,,,10,10,10
624,CHCHD3,1,59,,,14,59,73
623,MTX1,1,1,2,,10,10,13
621,MICOS13,1,11,,,10,11,21
619,MTX2,1,6,2,,14,14,22
618,MTX3,1,,,,7,7,7
617,MICOS10,1,5,,,10,10,15
1063,GH2,1,,23,117,,117,140
616,NAA35,1,1,3,,15,15,19
636,IMMT,1,75,,,14,75,89
1066,SOCS2,1,18,6,,,18,24
614,TUSC3,1,1,,,6,6,7
613,SYS1,1,21,2,,,21,23
1069,GH1,1,2,23,,,23,25
612,PKD2,1,16,,,6,16,22
1071,GHR,1,18,15,241,,241,274
1110,DLG3,1,31,45,,2,45,78
1111,RHOQ,1,17,8,,,17,25
1113,DLG2,1,30,36,,,36,66
568,NAA30,1,,3,,1,3,4
565,CYTH2,1,13,1,,3,13,17
1146,DYNLL1,1,68,50,,28,68,146
1147,SHANK3,1,168,14,,2,168,184
1148,YES1,1,71,17,,21,71,109
1149,GJB6,1,12,,,7,12,19
1150,TTC39A,1,1,,,2,2,3
1151,TRO,1,4,,,7,7,11
1152,KCNJ16,1,,9,,,9,9
1153,GNB3,1,11,13,,13,13,37
1154,TMX4,1,1,,,4,4,5
1155,GNA11,1,,30,6,29,30,65
1156,TBXA2R,1,31,9,,,31,40
1157,ARHGEF25,1,1,4,,2,4,7
1158,GNG5,1,12,,,15,15,27
1159,ICAM3,1,12,1,,,12,13
1160,PLXNA2,1,7,15,,3,15,25
1161,CNNM2,1,,,,5,5,5
1162,PRKCA,1,73,21,,25,73,119
1163,GNAI2,1,30,7,,13,30,50
1164,GNG13,1,32,8,,7,32,47
1165,GNB5,1,32,6,,15,32,53
567,ZYG11B,1,4,,2,,4,6
1141,SIPA1L1,1,2,9,,35,35,46
582,PRCC,1,8,,,1,8,9
1140,EFNB1,1,6,29,,8,29,43
1115,DYNLL2,1,35,50,,20,50,105
1116,DLGAP1,1,22,12,,5,22,39
581,ARFIP2,1,63,1,,9,63,73
1120,DLG1,1,93,22,,16,93,131
1121,GRIN1,1,9,36,,2,36,47
578,HSP90B1,1,84,3,,18,84,105
1123,DIP2B,1,,,,6,6,6
1124,GRIN2B,1,16,38,,,38,54
576,RPN1,1,36,,,13,36,49
575,CSDE1,1,9,,,5,9,14
1128,CFTR,1,12,31,,5,31,48
1129,DLC1,1,35,1,,2,35,38
574,ARFRP1,1,2,5,,,5,7
573,CYTIP,1,9,,,3,9,12
572,DDOST,1,9,,,13,13,22
1133,CHRNA7,1,7,,,2,7,9
1134,EFNB2,1,9,29,,6,29,44
1135,ITSN1,1,83,8,,3,83,94
571,DERL1,1,26,,,17,26,43
1137,EPHB3,1,6,,66,6,66,78
1138,SDC3,1,23,,,6,23,29
1268,PRKACB,1,17,26,,9,26,52
1269,UBE4B,1,6,,,2,6,8
1270,CEP68,1,8,,,9,9,17
1427,POLR3A,1,7,,,12,12,19
1417,VBP1,1,39,,,9,39,48
1418,PFDN5,1,123,,,7,123,130
1419,PAPSS2,1,4,,,3,4,7
1420,AOX1,1,6,,274,7,274,287
1421,PFDN4,1,3,,,7,7,10
1422,PFDN2,1,19,,,31,31,50
1423,PFDN6,1,13,,,7,13,20
1424,LRCH3,1,5,,,7,7,12
1425,UXT,1,33,,,7,33,40
1426,RPAP3,1,15,,,7,15,22
1428,DNAAF10,1,1,,,7,7,8
271,C5,1,14,21,486,,486,521
1429,PIH1D1,1,25,,,7,25,32
1430,PTPN22,1,4,19,,,19,23
1431,MYD88,1,32,36,,1,36,69
1432,SARM1,1,2,6,,10,10,18
1433,IRAK3,1,18,,67,1,67,86
1434,TLR4,1,21,41,,2,41,64
1435,IRAK4,1,11,37,,3,37,51
1436,SPOP,1,59,5,,5,59,69
829,A2M,1,125,4,,23,125,152
1438,IRAK2,1,5,28,,1,28,34
1416,URI1,1,18,,,15,18,33
1415,PDRG1,1,3,,,23,23,26
1414,IQGAP1,1,25,20,,38,38,83
1413,PFDN1,1,53,,,7,53,60
268,C9,1,3,9,486,,486,498
267,PLAUR,1,11,6,119,10,119,146
696,CEP152,1,2,,,1,2,3
697,TRAIP,1,32,,,3,32,35
699,CENPE,1,13,,,,13,13
700,CEP63,1,68,,,1,68,69
701,NUP85,1,5,,,27,27,32
257,CFHR1,1,1,1,486,,486,488
703,PCNT,1,7,28,58,2,58,95
704,ABRAXAS1,1,2,18,,5,18,25
996,B4GALT7,1,6,,,,6,6
822,GPR89B,1,2,,,9,9,11
823,SIGMAR1,1,7,,248,5,248,260
913,ENPP1,1,1,,,,1,1
824,TJP1,1,6,4,,25,25,35
825,BDKRB2,1,30,1,,,30,31
826,GJA1,1,11,2,,11,11,24
827,ANKFY1,1,5,1,,1,5,7
828,ENOPH1,1,6,,,1,6,7
1411,POLR3E,1,1,1,,15,15,17
1412,POLR3D,1,13,1,,12,13,26
1439,IRF7,1,9,26,,,26,35
1440,PELI1,1,17,9,3,3,17,32
1441,IRAK1,1,8,48,,5,48,61
1466,GTF2H3,1,10,,,36,36,46
1468,CCNK,1,52,15,,6,52,73
1469,POU2F1,1,34,5,,17,34,56
1470,RNF113A,1,10,,,16,16,26
1471,CTDP1,1,1,14,,22,22,37
633,DNAJC11,1,5,,,15,15,20
1473,TARS1,1,8,,,,8,8
1474,RNF26,1,10,,,1,10,11
1475,PRMT1,1,57,10,,19,57,86
1476,BRF1,1,3,3,,8,8,14
1477,BRF2,1,,4,3,,4,7
1478,GTF3C4,1,1,,,10,10,11
1479,GTF2F1,1,14,22,,45,45,81
1480,CDK13,1,9,1,,5,9,15
831,ALG8,1,12,,,4,12,16
1482,GTF2H5,1,8,,,10,10,18
1483,GTF2F2,1,30,22,,31,31,83
1484,GTF3C5,1,10,,,10,10,20
1485,GTF2E2,1,7,7,,28,28,42
1486,POU2F2,1,4,2,,5,5,11
1487,GTF2A1,1,16,14,,18,18,48
832,BDKRB1,1,32,1,,,32,33
1467,GTF2E1,1,12,7,,37,37,56
1465,GTF3C2,1,2,,,10,10,12
1442,TICAM2,1,6,23,,11,23,40
1464,SUPT5H,1,39,16,,10,39,65
1443,TICAM1,1,4,24,,2,24,30
1444,CD14,1,9,36,,,36,45
1445,LRSAM1,1,44,,,3,44,47
1446,LIPF,1,2,,54,3,54,59
1447,GTF3C3,1,62,,,10,62,72
1448,CCNT1,1,8,16,,35,35,59
1449,GTF3C1,1,20,,,10,20,30
1450,SUPT4H1,1,9,12,,10,12,31
1451,MPLKIP,1,3,,179,4,179,186
1452,ZNF143,1,22,6,,3,22,31
1453,GTF3A,1,3,3,,8,8,14
1454,GTF2H2,1,8,,,29,29,37
1455,GTF2A2,1,3,14,827,18,827,862
1456,CARM1,1,14,7,4,9,14,34
1457,DDX5,1,28,11,,183,183,222
1458,GTF2H4,1,6,,,43,43,49
1459,BDP1,1,6,6,,8,8,20
1460,CCNT2,1,3,13,,11,13,27
1461,GTF2H1,1,27,,,38,38,65
830,AGPAT4,1,29,,,7,29,36
1463,CDK9,1,21,18,,39,39,78
1387,ATP6V1A,1,6,,,21,21,27
1384,ATP6V1E1,1,10,,,11,11,21
1271,AKAP11,1,8,,,13,13,21
1308,DNAJC7,1,13,3,,8,13,24
1298,KCNQ1,1,3,3,,8,8,14
1299,PRKACA,1,57,38,,13,57,108
1300,NPEPL1,1,6,,,3,6,9
1301,AKAP3,1,7,,1463,6,1463,1476
1302,SIRT5,1,1,1,,3,3,5
1303,DNAJA1,1,19,6,,5,19,30
1304,TOM1L2,1,6,,,2,6,8
555,DNAJC10,1,2,,,,2,2
554,C11orf68,1,14,,,1,14,15
1307,UBL7,1,14,,,2,14,16
1309,MYCBP,1,18,,,3,18,21
273,MLX,1,29,1,,,29,30
1311,BAG3,1,88,,,3,88,91
1312,HELZ,1,3,,,2,3,5
1313,ECHDC1,1,4,,,5,5,9
1314,KCNE1,1,4,4,,2,4,10
1315,PDCD6,1,16,,,8,16,24
1316,CCDC117,1,2,,496,5,496,503
1317,AKAP1,1,6,8,,3,8,17
551,CYTH4,1,28,1,,,28,29
550,GNL2,1,2,,,,2,2
548,LMO7,1,8,,,13,13,21
1297,OSBPL9,1,6,,,5,6,11
1296,UBE2V2,1,21,34,,5,34,60
1295,AKAP9,1,90,3,,10,90,103
1294,FKBP4,1,9,9,,4,9,22
1272,ANXA11,1,15,,,8,15,23
1273,KCNH2,1,7,2,,3,7,12
1274,ENDOG,1,1,,,5,5,6
1275,SH3D19,1,5,4,,,5,9
1276,UQCRQ,1,3,,,5,5,8
1277,KCNB1,1,11,,,2,11,13
1279,KCNE2,1,1,4,54,3,54,62
1280,HSPB8,1,18,,,3,18,21
1281,FTL,1,37,5,,2,37,44
560,ARL1,1,7,4,,3,7,14
1283,PRKACG,1,3,26,1472,6,1472,1507
1284,PRKAR2A,1,18,12,,17,18,47
559,CYTH1,1,17,1,,3,17,21
558,CYTH3,1,8,1,,4,8,13
1287,RADX,1,3,,,5,5,8
1288,OTUB1,1,61,4,,15,61,80
1289,FTH1,1,39,5,,2,39,46
1290,GPR161,1,9,6,,6,9,21
1291,PUM1,1,8,4,,2,8,14
1292,CHORDC1,1,9,,,3,9,12
557,COX10,1,1,,,,1,1
1324,MATCAP2,1,2,,,,2,2
546,DAD1,1,2,,,7,7,9
545,ARF1,1,24,10,,9,24,43
343,ALDH18A1,1,6,,,2,6,8
330,TBL2,1,1,,909,3,909,913
693,UIMC1,1,19,18,,6,19,43
319,BAZ1B,1,8,4,,30,30,42
317,CLIP2,1,3,,,4,4,7
694,PLK4,1,24,,,,24,24
311,TRMT112,1,7,6,,1,7,14
304,RFC2,1,5,,,48,48,53
299,TMEM270,1,,,1472,,1472,1472
297,GTF2I,1,23,,,33,33,56
295,SMARCA5,1,11,8,,94,94,113
293,BCL7B,1,4,,,30,30,34
291,NCF1,1,29,19,,,29,48
290,BUD23,1,5,1,,1,5,7
282,METTL27,1,52,,,,52,52
281,VPS37D,1,3,11,,,11,14
279,DNAJC30,1,29,,,4,29,33
278,MLXIPL,1,2,8,,,8,10
277,EIF4H,1,11,10,,15,15,36
276,MIIP,1,32,,,1,32,33
275,FKBP6,1,45,1,1472,6,1472,1524
274,LIMK1,1,9,12,,1,12,22
339,RANBP3L,1,6,,,2,6,8
348,CDC25B,1,8,4,,1,8,13
544,PPARD,1,34,2,,1,34,37
356,GMNN,1,23,1,,18,23,42
543,STT3B,1,11,,,6,11,17
541,SELENOS,1,5,,,12,12,17
540,LIMCH1,1,3,,,40,40,43
539,NAA38,1,8,3,,,8,11
537,MROH2B,1,2,,1472,,1472,1474
536,PNPLA2,1,11,,,,11,11
534,LRIG3,1,2,,,,2,2
670,TYR,1,5,,194,,194,199
671,SNAI2,1,6,,,,6,6
672,GPR143,1,1,,,,1,1
677,HDAC10,1,8,,,2,8,10
429,NUB1,1,11,2,,3,11,16
425,ORC6,1,17,16,,9,17,42
421,NPLOC4,1,6,13,,5,13,24
411,ORC1,1,24,17,,10,24,51
398,UFD1,1,20,15,,7,20,42
397,ORC3,1,12,13,,7,13,32
388,ORC5,1,26,13,,7,26,46
382,CDC6,1,21,27,,8,27,56
381,UBD,1,10,1,,,10,11
376,CDT1,1,9,16,,18,18,43
1895,PHB1,1,42,6,,,42,48
