Cluster	HPO ID	Phenotype	p-value	Corrected p-value
5	HP:0000889	Abnormal clavicle morphology	1.0	1.0
5	HP:0000691	Microdontia	0.003646792227100506	0.04829344269674845
5	HP:0002715	Abnormality of the immune system	0.2366594356054896	0.5140182645953628
5	HP:0002232	Patchy alopecia	1.0	1.0
5	HP:0000586	Shallow orbits	1.0	1.0
5	HP:0008788	Delayed pubic bone ossification	0.01864533555110504	0.1105749464856838
5	HP:0001102	Angioid streaks of the fundus	1.0	1.0
5	HP:0004993	Slender long bones with narrow diaphyses	1.0	1.0
5	HP:0001831	Short toe	1.0	1.0
5	HP:0000268	Dolichocephaly	1.0	1.0
5	HP:0001869	Deep plantar creases	1.0	1.0
5	HP:0010526	Dysgraphia	0.0682321488084507	0.226444406264542
5	HP:0004325	Decreased body weight	0.06107750689399468	0.2163888815672954
5	HP:0005281	Hypoplastic nasal bridge	1.0	1.0
5	HP:0011834	Moyamoya phenomenon	1.0	1.0
5	HP:0002423	Long-tract signs	1.0	1.0
5	HP:0002313	Spastic paraparesis	1.0	1.0
5	HP:0006703	Aplasia/Hypoplasia of the lungs	0.3816789863890152	0.724434908558375
5	HP:0001075	Atrophic scars	0.009538592964178652	0.07392409547238456
5	HP:0000995	Melanocytic nevus	0.020741811643730818	0.12101144289934632
5	HP:0002307	Drooling	0.18005102366901096	0.42137154558400786
5	HP:0006313	Widely spaced primary teeth	1.0	1.0
5	HP:0000528	Anophthalmia	1.0	1.0
5	HP:0001373	Joint dislocation	0.00036280420579634426	0.010099284422575787
5	HP:0002652	Skeletal dysplasia	0.14351834060384988	0.36492209136641185
5	HP:0002027	Abdominal pain	0.36816907717397707	0.706304671259219
5	HP:0003006	Neuroblastoma	0.08566622088436963	0.26322999004863085
5	HP:0200042	Skin ulcer	0.39348570842840885	0.7402958707535858
5	HP:0000202	Orofacial cleft	0.6334863267445934	1.0
5	HP:0009381	Short finger	0.5446000877407695	0.9584961544237542
5	HP:0002684	Thickened calvaria	0.08997606664970373	0.26796365700916136
5	HP:0001876	Pancytopenia	1.0	1.0
5	HP:0004302	Functional motor deficit	1.0	1.0
5	HP:0008551	Microtia	0.3480742496188751	0.6792178490416962
5	HP:0000735	Impaired social interactions	1.0	1.0
5	HP:0003326	Myalgia	0.5789490103779754	1.0
5	HP:0000608	Macular degeneration	1.0	1.0
5	HP:0100659	Abnormal cerebral vascular morphology	0.07920190052357488	0.25300091876851555
5	HP:0003119	Abnormal circulating lipid concentration	0.19722760942449105	0.45137325378356674
5	HP:0002234	Early balding	1.0	1.0
5	HP:0004414	Abnormality of the pulmonary artery	1.2338202187839372e-05	0.0010518317365133065
5	HP:0010721	Abnormal hair whorl	0.05939713491202625	0.21320445268422056
5	HP:0010450	Esophageal stenosis	1.0	1.0
5	HP:0000457	Depressed nasal ridge	1.0	1.0
5	HP:0100633	Esophagitis	0.08997606664970373	0.26796365700916136
5	HP:0000377	Abnormal pinna morphology	0.006777134566178502	0.06650368020336314
5	HP:0002209	Sparse scalp hair	0.2545299222379321	0.5441674199569583
5	HP:0100678	Premature skin wrinkling	4.611192098000318e-19	3.1448330108362167e-16
5	HP:0000050	Hypoplastic male external genitalia	0.7196769729483288	1.0
5	HP:0010442	Polydactyly	0.553428614453477	0.9715271944846108
5	HP:0008064	Ichthyosis	0.05314743307485924	0.2013697186503
5	HP:0001824	Weight loss	0.7293494777416349	1.0
5	HP:0003413	Atlantoaxial abnormality	0.0369600963356264	0.15853324340186922
5	HP:0002344	Progressive neurologic deterioration	1.0	1.0
5	HP:0000615	Abnormal pupil morphology	0.011980398109448667	0.08929651924201083
5	HP:0000975	Hyperhidrosis	0.40794307334656715	0.7570535401968947
5	HP:0002322	Resting tremor	1.0	1.0
5	HP:0004370	Abnormality of temperature regulation	0.8531986001223358	1.0
5	HP:0200020	Corneal erosion	0.13202622156751023	0.34765205833606944
5	HP:0002827	Hip dislocation	0.00015950366444003323	0.005725342060426456
5	HP:0003236	Elevated circulating creatine kinase concentration	0.5310457942379483	0.9394895763172002
5	HP:0002381	Aphasia	0.27558950004257976	0.5756570873783748
5	HP:0001681	Angina pectoris	1.0	1.0
5	HP:0002251	Aganglionic megacolon	0.02587579182636732	0.1343592640240248
5	HP:0001822	Hallux valgus	0.14832383366518703	0.36937821105126567
5	HP:0100025	Overfriendliness	0.02784368834785619	0.13612469858951914
5	HP:0100335	Non-midline cleft lip	1.0	1.0
5	HP:0007272	Progressive psychomotor deterioration	1.0	1.0
5	HP:0000267	Cranial asymmetry	0.02784368834785619	0.13612469858951914
5	HP:0001010	Hypopigmentation of the skin	0.5171088167926073	0.9184068048243702
5	HP:0010903	Abnormal circulating glutamine concentration	1.0	1.0
5	HP:0002120	Cerebral cortical atrophy	0.18010235416090659	0.42137154558400786
5	HP:0001770	Toe syndactyly	0.4754520683030381	0.8566930266384993
5	HP:0001627	Abnormal heart morphology	0.0057624191715546355	0.05805449156973761
5	HP:0006538	Recurrent bronchopulmonary infections	1.0	1.0
5	HP:0002018	Nausea	0.369654132333434	0.7071644270726565
5	HP:0012569	Delayed menarche	1.0	1.0
5	HP:0003241	External genital hypoplasia	0.7527869225999568	1.0
5	HP:0100670	Coarse metaphyseal trabecularization	1.0	1.0
5	HP:0004467	Preauricular pit	1.0	1.0
5	HP:0000587	Abnormal optic nerve morphology	0.30934635843679364	0.6252943446468976
5	HP:0001510	Growth delay	4.623372456252974e-05	0.002412295816301759
5	HP:0000717	Autism	0.31602511953681056	0.6357791490386573
5	HP:0012330	Pyelonephritis	0.0369600963356264	0.15853324340186922
5	HP:0001172	Abnormal thumb morphology	0.12198229812956238	0.33276770929744615
5	HP:0003138	Increased blood urea nitrogen	1.0	1.0
5	HP:0009762	Facial wrinkling	0.004692632566870014	0.050799609692148404
5	HP:0002816	Genu recurvatum	0.07262003602856631	0.23640508148678868
5	HP:0002562	Low-set nipples	1.0	1.0
5	HP:0030445	Pulmonary carcinoid tumor	1.0	1.0
5	HP:0000054	Micropenis	1.0	1.0
5	HP:0002992	Abnormality of tibia morphology	1.0	1.0
5	HP:0007900	Hypoplastic lacrimal duct	0.004692632566870014	0.050799609692148404
5	HP:0000680	Delayed eruption of primary teeth	1.0	1.0
5	HP:0001929	Reduced factor XI activity	1.0	1.0
5	HP:0002300	Mutism	0.16433045881886676	0.3960189855634881
5	HP:0000974	Hyperextensible skin	4.467322909136723e-08	6.770476053402767e-06
5	HP:0100807	Long fingers	0.5706002540951803	0.9965412888422867
5	HP:0002028	Chronic diarrhea	1.0	1.0
5	HP:0000154	Wide mouth	0.08568483547037543	0.26322999004863085
5	HP:0001598	Concave nail	1.0	1.0
5	HP:0001007	Hirsutism	0.002041792218592946	0.03315481650191403
5	HP:0100838	Recurrent cutaneous abscess formation	0.04148778746709969	0.1720040793468814
5	HP:0004943	Accelerated atherosclerosis	1.0	1.0
5	HP:0000545	Myopia	0.08443656895996304	0.26322999004863085
5	HP:0000378	Cupped ear	0.07698828833177605	0.24708711831657068
5	HP:0000218	High palate	0.0877727952039998	0.26783465919072874
5	HP:0005374	Cellular immunodeficiency	1.0	1.0
5	HP:0000989	Pruritus	0.4677552282809699	0.846177893070614
5	HP:0100679	Lack of skin elasticity	0.1442769048634061	0.36492209136641185
5	HP:0004396	Poor appetite	0.1682872274797622	0.4013003116825099
5	HP:0009811	Abnormality of the elbow	0.06444020823413135	0.2236550738711327
5	HP:0000573	Retinal hemorrhage	1.0	1.0
5	HP:0000689	Dental malocclusion	0.18780555146161995	0.43491811917427775
5	HP:0007266	Cerebral dysmyelination	1.0	1.0
5	HP:0012444	Brain atrophy	0.4675626164011738	0.846177893070614
5	HP:0003139	Panhypogammaglobulinemia	1.0	1.0
5	HP:0002536	Abnormal cortical gyration	0.41645970449702613	0.7697168522140159
5	HP:0010724	Advanced pneumatization of the mastoid process	1.0	1.0
5	HP:0001872	Abnormality of thrombocytes	1.0	1.0
5	HP:0001541	Ascites	1.0	1.0
5	HP:0012732	Anorectal anomaly	0.049091679035092296	0.1918654733635126
5	HP:0002616	Aortic root aneurysm	0.09853792846400983	0.2861489801231998
5	HP:0003738	Exercise-induced myalgia	1.0	1.0
5	HP:0004415	Pulmonary artery stenosis	0.00787381263803141	0.07340781834812209
5	HP:0002345	Action tremor	0.40219986034671623	0.7515076842642753
5	HP:0001788	Premature rupture of membranes	0.01864533555110504	0.1105749464856838
5	HP:0002781	Upper airway obstruction	1.0	1.0
5	HP:0005294	Arterial dissection	0.0015823015969261848	0.02839814971325416
5	HP:0000446	Narrow nasal bridge	0.1279057668870805	0.34008472911106785
5	HP:0000621	Entropion	0.03241209206802603	0.14880123865371198
5	HP:0200037	Skin vesicle	1.0	1.0
5	HP:0000648	Optic atrophy	0.35770423027775117	0.6950264531322686
5	HP:0001659	Aortic regurgitation	0.18005102366901096	0.42137154558400786
5	HP:0005115	Supraventricular arrhythmia	1.0	1.0
5	HP:0007766	Optic disc hypoplasia	0.05939713491202625	0.21320445268422056
5	HP:0012804	Corneal ulceration	1.0	1.0
5	HP:0002619	Varicose veins	0.08133698897567815	0.25795337407367713
5	HP:0010529	Echolalia	0.11123737094135512	0.3115560040328714
5	HP:0011950	Bronchiolitis	0.014015212104778565	0.09235144594646359
5	HP:0010530	Palatal tremor	1.0	1.0
5	HP:0001274	Agenesis of corpus callosum	0.5099936376178829	0.9081348847399378
5	HP:0000055	Abnormality of female external genitalia	0.34178080706170405	0.6688508189844539
5	HP:0006334	Hypoplasia of the primary teeth	1.0	1.0
5	HP:0001808	Fragile nails	1.0	1.0
5	HP:0002974	Radioulnar synostosis	0.1839370377748451	0.42887199918784397
5	HP:0002334	Abnormal cerebellar vermis morphology	0.5287498128143885	0.9366425255569166
5	HP:0009909	Uplifted earlobe	1.0	1.0
5	HP:0003777	Pili torti	1.0	1.0
5	HP:0010579	Cone-shaped epiphysis	1.0	1.0
5	HP:0000025	Functional abnormality of male internal genitalia	0.29608308875155326	0.6054832579566995
5	HP:0006482	Abnormality of dental morphology	0.0057884243793873275	0.05805449156973761
5	HP:0000233	Thin vermilion border	0.22507872251251443	0.4983885998491391
5	HP:0001645	Sudden cardiac death	0.1279057668870805	0.34008472911106785
5	HP:0100704	Cerebral visual impairment	1.0	1.0
5	HP:0002757	Recurrent fractures	0.26863325128131654	0.5672070506930584
5	HP:0001136	Retinal arteriolar tortuosity	0.01864533555110504	0.1105749464856838
5	HP:0002980	Femoral bowing	0.0682321488084507	0.226444406264542
5	HP:0000962	Hyperkeratosis	0.05834940705135671	0.21320445268422056
5	HP:0002015	Dysphagia	1.0	1.0
5	HP:0002999	Patellar dislocation	0.006845495957033198	0.06669468918138059
5	HP:0012508	Metamorphopsia	1.0	1.0
5	HP:0001744	Splenomegaly	1.0	1.0
5	HP:0001723	Restrictive cardiomyopathy	1.0	1.0
5	HP:0007457	Prominent veins on trunk	1.0	1.0
5	HP:0003487	Babinski sign	1.0	1.0
5	HP:0001317	Abnormal cerebellum morphology	0.2179763524182819	0.4861646912200515
5	HP:0008909	Lethal short-limbed short stature	0.004692632566870014	0.050799609692148404
5	HP:0000160	Narrow mouth	0.15496836168821893	0.38154665224319606
5	HP:0003072	Hypercalcemia	0.19165663941106698	0.440842590483466
5	HP:0000089	Renal hypoplasia	0.1682872274797622	0.4013003116825099
5	HP:0000319	Smooth philtrum	1.0	1.0
5	HP:0005401	Recurrent candida infections	0.045995251433866215	0.18400388976161064
5	HP:0002150	Hypercalciuria	0.12376673398194098	0.33429272307201485
5	HP:0012368	Flat face	0.04619174103082829	0.18400388976161064
5	HP:0000135	Hypogonadism	0.22683376793842147	0.5006492871650597
5	HP:0001339	Lissencephaly	1.0	1.0
5	HP:0006660	Aplastic clavicle	1.0	1.0
5	HP:0030796	Increased C-peptide level	0.0369600963356264	0.15853324340186922
5	HP:0007400	Irregular hyperpigmentation	0.024346903857572995	0.1307447907942109
5	HP:0004552	Scarring alopecia of scalp	0.050482573863622274	0.19506580949003055
5	HP:0000651	Diplopia	1.0	1.0
5	HP:0002714	Downturned corners of mouth	0.3964037468771537	0.743734127565939
5	HP:0003423	Thoracolumbar kyphoscoliosis	1.0	1.0
5	HP:0002310	Orofacial dyskinesia	1.0	1.0
5	HP:0000561	Absent eyelashes	1.0	1.0
5	HP:0000520	Proptosis	0.16660453925520563	0.40079116674444526
5	HP:0025168	Left ventricular diastolic dysfunction	1.0	1.0
5	HP:0001015	Prominent superficial veins	0.07262003602856631	0.23640508148678868
5	HP:0011527	Lentiglobus	1.0	1.0
5	HP:0001626	Abnormality of the cardiovascular system	0.11881814141990006	0.327603886252503
5	HP:0000239	Large fontanelles	0.0005850896812143521	0.014251112949578149
5	HP:0003429	CNS hypomyelination	0.1402117120124008	0.36152887558585006
5	HP:0011998	Postprandial hyperglycemia	0.0369600963356264	0.15853324340186922
5	HP:0002545	Patchy demyelination of subcortical white matter	1.0	1.0
5	HP:0001639	Hypertrophic cardiomyopathy	0.007521160317547664	0.07124210189677092
5	HP:0000015	Bladder diverticulum	1.1403083777574505e-07	1.5553806272611625e-05
5	HP:0009726	Renal neoplasm	1.0	1.0
5	HP:0001053	Hypopigmented skin patches	0.27904400886450353	0.579324243669989
5	HP:0100542	Abnormal localization of kidney	0.07876258172317507	0.25218817246575304
5	HP:0001324	Muscle weakness	0.9606194932201054	1.0
5	HP:0002385	Paraparesis	1.0	1.0
5	HP:0001009	Telangiectasia	0.06680235348128497	0.226444406264542
5	HP:0012474	Carotid artery occlusion	1.0	1.0
5	HP:0001001	Abnormality of subcutaneous fat tissue	3.1967330089795064e-05	0.002076354202022879
5	HP:0002123	Generalized myoclonic seizure	1.0	1.0
5	HP:0000293	Full cheeks	0.3386124836299917	0.6664753646050631
5	HP:0100275	Diffuse cerebellar atrophy	1.0	1.0
5	HP:0011024	Abnormality of the gastrointestinal tract	0.054952991935644804	0.2020374150949313
5	HP:0000445	Wide nose	0.29608308875155326	0.6054832579566995
5	HP:0011098	Speech apraxia	1.0	1.0
5	HP:0002070	Limb ataxia	1.0	1.0
5	HP:0012760	Reduced social reciprocity	1.0	1.0
5	HP:0100813	Testicular torsion	1.0	1.0
5	HP:0100526	Neoplasm of the lung	1.0	1.0
5	HP:0000632	Lacrimation abnormality	0.19165663941106698	0.440842590483466
5	HP:0000722	Compulsive behaviors	0.04176300057283038	0.1726204023676989
5	HP:0009839	Osteolytic defects of the distal phalanges of the hand	1.0	1.0
5	HP:0001953	Diabetic ketoacidosis	0.02784368834785619	0.13612469858951914
5	HP:0011362	Abnormal hair quantity	0.00043439332794313883	0.011617892143420419
5	HP:0004482	Relative macrocephaly	0.10702322855606043	0.3034920660092857
5	HP:0008138	Equinus calcaneus	0.02325479851234926	0.12587121099541426
5	HP:0008993	Increased intraabdominal fat	1.0	1.0
5	HP:0009125	Lipodystrophy	9.176180108726485e-06	0.0008344206445535283
5	HP:0002321	Vertigo	0.3386124836299917	0.6664753646050631
5	HP:0006532	Recurrent pneumonia	1.0	1.0
5	HP:0005421	Decreased circulating complement C3 concentration	0.045995251433866215	0.18400388976161064
5	HP:0000144	Decreased fertility	0.38760937795306344	0.7332859799278482
5	HP:0000563	Keratoconus	0.054949840041633904	0.2020374150949313
5	HP:0002183	Phonophobia	0.02325479851234926	0.12587121099541426
5	HP:0001290	Generalized hypotonia	1.0	1.0
5	HP:0001386	Joint swelling	0.1722261939610326	0.4078411954216119
5	HP:0001611	Hypernasal speech	1.0	1.0
5	HP:0000607	Periorbital wrinkles	1.0	1.0
5	HP:0001629	Ventricular septal defect	0.28347751364515733	0.5867425320364106
5	HP:0011182	Interictal epileptiform activity	1.0	1.0
5	HP:0007367	Atrophy/Degeneration affecting the central nervous system	0.5406624652015315	0.9540279463582004
5	HP:0100242	Sarcoma	1.0	1.0
5	HP:0001397	Hepatic steatosis	0.04619174103082829	0.18400388976161064
5	HP:0002676	Cloverleaf skull	0.04148778746709969	0.1720040793468814
5	HP:0004322	Short stature	3.649764706125864e-05	0.002164469156154643
5	HP:0006487	Bowing of the long bones	0.06600883630393302	0.226444406264542
5	HP:0000475	Broad neck	0.0682321488084507	0.226444406264542
5	HP:0000543	Optic disc pallor	1.0	1.0
5	HP:0001881	Abnormal leukocyte morphology	0.8168239667077891	1.0
5	HP:0002332	Lack of peer relationships	1.0	1.0
5	HP:0001265	Hyporeflexia	1.0	1.0
5	HP:0031289	White papule	0.004692632566870014	0.050799609692148404
5	HP:0000678	Dental crowding	0.021564052106592298	0.1241070340649447
5	HP:0005181	Premature coronary artery atherosclerosis	1.0	1.0
5	HP:0007665	Curly eyelashes	1.0	1.0
5	HP:0031250	Lip fissure	0.004692632566870014	0.050799609692148404
5	HP:0010662	Abnormality of the diencephalon	0.23653726390075336	0.5140182645953628
5	HP:0002292	Frontal balding	1.0	1.0
5	HP:0000966	Hypohidrosis	0.22184687944528012	0.4928324813735539
5	HP:0100579	Mucosal telangiectasiae	1.0	1.0
5	HP:0000126	Hydronephrosis	0.15827498717870506	0.3875890170767571
5	HP:0000508	Ptosis	0.018948967475173092	0.11188914128197446
5	HP:0001152	Saccadic smooth pursuit	1.0	1.0
5	HP:0001276	Hypertonia	0.815354602953461	1.0
5	HP:0025014	Subcutaneous spheroids	0.004692632566870014	0.050799609692148404
5	HP:0001100	Heterochromia iridis	0.11123737094135512	0.3115560040328714
5	HP:0001081	Cholelithiasis	0.1402117120124008	0.36152887558585006
5	HP:0001034	Hypermelanotic macule	0.06809785711329938	0.226444406264542
5	HP:0004398	Peptic ulcer	0.0682321488084507	0.226444406264542
5	HP:0100840	Aplasia/Hypoplasia of the eyebrow	0.024817761728362735	0.13120708138560763
5	HP:0100607	Dysmenorrhea	1.0	1.0
5	HP:0000842	Hyperinsulinemia	0.21440137101030515	0.4794155246853381
5	HP:0000831	Insulin-resistant diabetes mellitus	0.11960904351447689	0.327603886252503
5	HP:0009064	Generalized lipodystrophy	1.0	1.0
5	HP:0000736	Short attention span	0.23210702782252182	0.5098131818839288
5	HP:0002644	Abnormal pelvic girdle bone morphology	4.140813351847063e-05	0.0023430798485642545
5	HP:0005113	Aortic arch aneurysm	0.04148778746709969	0.1720040793468814
5	HP:0000593	Abnormal anterior chamber morphology	0.13612817704214392	0.3550264502590522
5	HP:0002167	Abnormality of speech or vocalization	0.402791226283595	0.7515830816016739
5	HP:0007552	Abnormal subcutaneous fat tissue distribution	1.0	1.0
5	HP:0009804	Tooth agenesis	0.036442499702519324	0.15853324340186922
5	HP:0001733	Pancreatitis	1.0	1.0
5	HP:0010318	Aplasia/Hypoplasia of the abdominal wall musculature	0.004989977644237254	0.053593145722359174
5	HP:0100026	Arteriovenous malformation	0.013973249704837008	0.09235144594646359
5	HP:0005214	Intestinal obstruction	0.19165663941106698	0.440842590483466
5	HP:0000176	Submucous cleft hard palate	0.12376673398194098	0.33429272307201485
5	HP:0000056	Abnormality of the clitoris	0.1993068353207228	0.45536771085002664
5	HP:0001482	Subcutaneous nodule	0.008252015361625337	0.07340781834812209
5	HP:0009465	Ulnar deviation of finger	1.0	1.0
5	HP:0000039	Epispadias	1.0	1.0
5	HP:0011995	Atrial septal dilatation	1.0	1.0
5	HP:0008527	Congenital sensorineural hearing impairment	1.0	1.0
5	HP:0001028	Hemangioma	0.372681003246599	0.7099677212686607
5	HP:0005268	Miscarriage	1.0	1.0
5	HP:0001155	Abnormality of the hand	0.004256393939781665	0.050799609692148404
5	HP:0012707	Elevated brain lactate level by MRS	1.0	1.0
5	HP:0040189	Scaling skin	0.1442769048634061	0.36492209136641185
5	HP:0002595	Ileus	1.0	1.0
5	HP:0001956	Truncal obesity	1.0	1.0
5	HP:0000455	Broad nasal tip	1.0	1.0
5	HP:0100541	Femoral hernia	0.05939713491202625	0.21320445268422056
5	HP:0000278	Retrognathia	0.14676943076510926	0.3693607076819355
5	HP:0001595	Abnormal hair morphology	0.0001568172465925109	0.005725342060426456
5	HP:0001531	Failure to thrive in infancy	0.02587579182636732	0.1343592640240248
5	HP:0010804	Tented upper lip vermilion	1.0	1.0
5	HP:0002250	Abnormal large intestine morphology	0.02076002759416938	0.12101144289934632
5	HP:0012301	Type II transferrin isoform profile	1.0	1.0
5	HP:0000164	Abnormality of the dentition	0.0013460706902725427	0.024480538953756643
5	HP:0100833	Neoplasm of the small intestine	1.0	1.0
5	HP:0000951	Abnormality of the skin	2.6501351530304448e-08	4.518480435916908e-06
5	HP:0000870	Increased circulating prolactin concentration	0.13612817704214392	0.3550264502590522
5	HP:0000682	Abnormal dental enamel morphology	0.10154387284359527	0.2934445816920846
5	HP:0001344	Absent speech	1.0	1.0
5	HP:0025019	Arterial rupture	0.01864533555110504	0.1105749464856838
5	HP:0002126	Polymicrogyria	0.24016847786555368	0.5208104989008191
5	HP:0001252	Hypotonia	0.051271052617589824	0.19699638245180992
5	HP:0007371	Corpus callosum atrophy	1.0	1.0
5	HP:0000363	Abnormal earlobe morphology	0.0604571092812989	0.2147486902596138
5	HP:0001094	Iridocyclitis	1.0	1.0
5	HP:0000653	Sparse eyelashes	0.11960904351447689	0.327603886252503
5	HP:0003771	Pulp calcification	0.014015212104778565	0.09235144594646359
5	HP:0005461	Craniofacial disproportion	1.0	1.0
5	HP:0010989	Abnormality of the intrinsic pathway	1.0	1.0
5	HP:0003097	Short femur	0.0013426459054940293	0.024480538953756643
5	HP:0005293	Venous insufficiency	0.1442769048634061	0.36492209136641185
5	HP:0001760	Abnormal foot morphology	0.002245914635495798	0.03481167685018487
5	HP:0001562	Oligohydramnios	1.0	1.0
5	HP:0011496	Corneal neovascularization	0.0369600963356264	0.15853324340186922
5	HP:0003124	Hypercholesterolemia	1.0	1.0
5	HP:0100648	Neoplasm of the tongue	0.05939713491202625	0.21320445268422056
5	HP:0005792	Short humerus	0.05939713491202625	0.21320445268422056
5	HP:0011859	Punctate keratitis	0.014015212104778565	0.09235144594646359
5	HP:0005465	Facial hyperostosis	1.0	1.0
5	HP:0010807	Open bite	0.16035581177400995	0.3912796552052765
5	HP:0000358	Posteriorly rotated ears	0.00516742234490833	0.05503821211869586
5	HP:0004331	Decreased skull ossification	0.09853792846400983	0.2861489801231998
5	HP:0000819	Diabetes mellitus	0.024563106314259568	0.13120708138560763
5	HP:0100585	Telangiectasia of the skin	0.03343858130873685	0.15052879506639294
5	HP:0002705	High, narrow palate	0.34178080706170405	0.6688508189844539
5	HP:0000739	Anxiety	0.5789490103779754	1.0
5	HP:0001943	Hypoglycemia	0.4754520683030381	0.8566930266384993
5	HP:0000460	Narrow nose	1.0	1.0
5	HP:0005852	Limited elbow extension and supination	0.009364340463763374	0.07340781834812209
5	HP:0002575	Tracheoesophageal fistula	0.16433045881886676	0.3960189855634881
5	HP:0007633	Bilateral microphthalmos	1.0	1.0
5	HP:0000789	Infertility	1.0	1.0
5	HP:0001385	Hip dysplasia	0.08289327133067431	0.26172782892370317
5	HP:0000961	Cyanosis	0.3322323201408859	0.6558102527817198
5	HP:0200141	Small, conical teeth	1.0	1.0
5	HP:0005743	Avascular necrosis of the capital femoral epiphysis	0.08566622088436963	0.26322999004863085
5	HP:0000556	Retinal dystrophy	1.0	1.0
5	HP:0005406	Recurrent bacterial skin infections	0.10279010804672678	0.29516991026470596
5	HP:0000071	Ureteral stenosis	1.0	1.0
5	HP:0000766	Abnormal sternum morphology	0.0008050554865699291	0.01771122070453844
5	HP:0002002	Deep philtrum	1.0	1.0
5	HP:0030001	Lagophthalmos	0.01864533555110504	0.1105749464856838
5	HP:0012745	Short palpebral fissure	1.0	1.0
5	HP:0100324	Scleroderma	1.0	1.0
5	HP:0012762	Cerebral white matter atrophy	1.0	1.0
5	HP:0002671	Basal cell carcinoma	1.0	1.0
5	HP:0000954	Single transverse palmar crease	0.4303960172147977	0.7911862095431053
5	HP:0007509	Patchy hypo- and hyperpigmentation	1.0	1.0
5	HP:0000568	Microphthalmia	1.0	1.0
5	HP:0000175	Cleft palate	0.5421493314450992	0.9554156176887795
5	HP:0001518	Small for gestational age	1.0	1.0
5	HP:0003834	Shoulder dislocation	0.0369600963356264	0.15853324340186922
5	HP:0000708	Atypical behavior	0.38591321652622046	0.7310911490857843
5	HP:0007034	Generalized hyperreflexia	1.0	1.0
5	HP:0004372	Reduced consciousness/confusion	0.343678874487693	0.6716016974229416
5	HP:0000387	Absent earlobe	0.02784368834785619	0.13612469858951914
5	HP:0000601	Hypotelorism	1.0	1.0
5	HP:0000657	Oculomotor apraxia	1.0	1.0
5	HP:0007256	Abnormal pyramidal sign	1.0	1.0
5	HP:0003010	Prolonged bleeding time	0.002118062867706879	0.0332073304776113
5	HP:0006481	Abnormality of primary teeth	0.16433045881886676	0.3960189855634881
5	HP:0000474	Thickened nuchal skin fold	1.0	1.0
5	HP:0000668	Hypodontia	0.039613864128306246	0.1683280706261985
5	HP:0000565	Esotropia	1.0	1.0
5	HP:0005616	Accelerated skeletal maturation	1.0	1.0
5	HP:0002355	Difficulty walking	1.0	1.0
5	HP:0001302	Pachygyria	1.0	1.0
5	HP:0009904	Prominent ear helix	1.0	1.0
5	HP:0005150	Abnormal atrioventricular conduction	1.0	1.0
5	HP:0000582	Upslanted palpebral fissure	0.5099936376178829	0.9081348847399378
5	HP:0001211	Abnormal fingertip morphology	1.0	1.0
5	HP:0000934	Chondrocalcinosis	1.0	1.0
5	HP:0003765	Psoriasiform dermatitis	0.08997606664970373	0.26796365700916136
5	HP:0002179	Opisthotonus	1.0	1.0
5	HP:0030002	Nocturnal lagophthalmos	1.0	1.0
5	HP:0000294	Low anterior hairline	0.18780555146161995	0.43491811917427775
5	HP:0100334	Unilateral cleft palate	1.0	1.0
5	HP:0007370	Aplasia/Hypoplasia of the corpus callosum	0.5210652759832001	0.9242302164383418
5	HP:0000147	Polycystic ovaries	0.21065328594833138	0.4725840165025066
5	HP:0000488	Retinopathy	0.2292253195357456	0.5042957029786403
5	HP:0007407	Excessive skin wrinkling on dorsum of hands and fingers	0.009364340463763374	0.07340781834812209
5	HP:0001636	Tetralogy of Fallot	0.3192961615285045	0.6395300504036419
5	HP:0025080	Orthokeratotic hyperkeratosis	0.009364340463763374	0.07340781834812209
5	HP:0001284	Areflexia	1.0	1.0
5	HP:0000431	Wide nasal bridge	0.027294587622604373	0.13612469858951914
5	HP:0011354	Generalized abnormality of skin	2.63852930095125e-16	1.1996513221658348e-13
5	HP:0006297	Enamel hypoplasia	1.0	1.0
5	HP:0005274	Prominent nasal tip	1.0	1.0
5	HP:0001530	Mild postnatal growth retardation	1.0	1.0
5	HP:0002828	Multiple joint contractures	1.0	1.0
5	HP:0002647	Aortic dissection	0.08566622088436963	0.26322999004863085
5	HP:0006698	Dilatation of the ventricular cavity	0.03241209206802603	0.14880123865371198
5	HP:0008038	Aplastic/hypoplastic lacrimal glands	0.01864533555110504	0.1105749464856838
5	HP:0025201	Abnormal circulating apolipoprotein concentration	1.0	1.0
5	HP:0008209	Premature ovarian insufficiency	1.0	1.0
5	HP:0030880	Raynaud phenomenon	1.0	1.0
5	HP:0001638	Cardiomyopathy	0.025229250362091966	0.13235652882266707
5	HP:0001045	Vitiligo	1.0	1.0
5	HP:0012043	Pendular nystagmus	1.0	1.0
5	HP:0002097	Emphysema	0.12376673398194098	0.33429272307201485
5	HP:0000612	Iris coloboma	1.0	1.0
5	HP:0100699	Scarring	0.0011154871009587237	0.022375358907466163
5	HP:0001620	High pitched voice	1.0	1.0
5	HP:0008850	Severe postnatal growth retardation	0.08566622088436963	0.26322999004863085
5	HP:0000967	Petechiae	1.0	1.0
5	HP:0001156	Brachydactyly	0.3629428824346387	0.701209761530945
5	HP:0000993	Molluscoid pseudotumors	0.004692632566870014	0.050799609692148404
5	HP:0003256	Abnormality of the coagulation cascade	1.0	1.0
5	HP:0003220	Abnormality of chromosome stability	1.0	1.0
5	HP:0000501	Glaucoma	0.027247165035653366	0.13612469858951914
5	HP:0000713	Agitation	1.0	1.0
5	HP:0001367	Abnormal joint morphology	0.001662732937135756	0.0287084522310528
5	HP:0000926	Platyspondyly	0.05314743307485924	0.2013697186503
5	HP:0002861	Melanoma	0.18780555146161995	0.43491811917427775
5	HP:0002289	Alopecia universalis	1.0	1.0
5	HP:0000707	Abnormality of the nervous system	0.10076189415491192	0.29180302256326934
5	HP:0100827	Lymphocytosis	0.05939713491202625	0.21320445268422056
5	HP:0000238	Hydrocephalus	0.017417953357466463	0.10848442182458565
5	HP:0008736	Hypoplasia of penis	0.6030799130551956	1.0
5	HP:0032263	Increased blood pressure	0.2941393723988878	0.6042260601687997
5	HP:0001058	Poor wound healing	0.08997606664970373	0.26796365700916136
5	HP:0000481	Abnormal cornea morphology	0.00017894822111655278	0.005953301795194585
5	HP:0000869	Secondary amenorrhea	1.0	1.0
5	HP:0000704	Periodontitis	0.08997606664970373	0.26796365700916136
5	HP:0009891	Underdeveloped supraorbital ridges	0.1279057668870805	0.34008472911106785
5	HP:0001090	Abnormally large globe	1.0	1.0
5	HP:0025167	Fragmented elastic fibers in the dermis	0.03241209206802603	0.14880123865371198
5	HP:0001714	Ventricular hypertrophy	1.0	1.0
5	HP:0006323	Premature loss of primary teeth	0.06382454307906779	0.22208335908124607
5	HP:0000028	Cryptorchidism	0.013854218156526803	0.09235144594646359
5	HP:0001357	Plagiocephaly	0.2616135745605581	0.5549625438578557
5	HP:0002446	Astrocytosis	1.0	1.0
5	HP:0008968	Muscle hypertrophy of the lower extremities	1.0	1.0
5	HP:0100240	Synostosis of joints	0.5075998595896363	0.9062384927752146
5	HP:0001328	Specific learning disability	1.0	1.0
5	HP:0008734	Decreased testicular size	1.0	1.0
5	HP:0001342	Cerebral hemorrhage	1.0	1.0
5	HP:0100539	Periorbital edema	0.03343858130873685	0.15052879506639294
5	HP:0002317	Unsteady gait	1.0	1.0
5	HP:0002315	Headache	0.39409049583649713	0.7404124467231159
5	HP:0000343	Long philtrum	0.06920045319033119	0.22910052949420326
5	HP:0100784	Peripheral arteriovenous fistula	0.054949840041633904	0.2020374150949313
5	HP:0006801	Hyperactive deep tendon reflexes	1.0	1.0
5	HP:0002907	Microscopic hematuria	0.08566622088436963	0.26322999004863085
5	HP:0001326	EEG with irregular generalized spike and wave complexes	1.0	1.0
5	HP:0011359	Dry hair	1.0	1.0
5	HP:0000982	Palmoplantar keratoderma	0.003646792227100506	0.04829344269674845
5	HP:0011931	Abnormal cerebellar peduncle morphology	1.0	1.0
5	HP:0003307	Hyperlordosis	0.43314507118576867	0.7930333920770316
5	HP:0011342	Mild global developmental delay	1.0	1.0
5	HP:0002514	Cerebral calcification	1.0	1.0
5	HP:0000448	Prominent nose	0.21065328594833138	0.4725840165025066
5	HP:0000134	Female hypogonadism	1.0	1.0
5	HP:0030685	Decreased adiponectin level	1.0	1.0
5	HP:0002894	Neoplasm of the pancreas	1.0	1.0
5	HP:0001030	Fragile skin	0.1279057668870805	0.34008472911106785
5	HP:0030838	Hip pain	1.0	1.0
5	HP:0000174	Abnormal palate morphology	0.26513797738099176	0.5615655297324111
5	HP:0100321	Abnormal dentate nucleus morphology	1.0	1.0
5	HP:0003298	Spina bifida occulta	0.013293871114309882	0.09235144594646359
5	HP:0007366	Atrophy/Degeneration affecting the brainstem	1.0	1.0
5	HP:0002242	Abnormal intestine morphology	0.0027190881334774788	0.039168325028573134
5	HP:0000969	Edema	0.051828112665174994	0.19857737549241206
5	HP:0040019	Finger clinodactyly	0.36816907717397707	0.706304671259219
5	HP:0011040	Abnormal intrahepatic bile duct morphology	1.0	1.0
5	HP:0008070	Sparse hair	0.0012341914935246005	0.024229088611054873
5	HP:0006248	Limited wrist movement	1.0	1.0
5	HP:0410219	Hypoplasia of mandible relative to maxilla	1.0	1.0
5	HP:0003160	Abnormal isoelectric focusing of serum transferrin	1.0	1.0
5	HP:0012393	Allergy	1.0	1.0
5	HP:0100512	Low levels of vitamin D	0.08997606664970373	0.26796365700916136
5	HP:0003422	Vertebral segmentation defect	0.40794307334656715	0.7570535401968947
5	HP:0001654	Abnormal heart valve morphology	3.643971126778188e-05	0.002164469156154643
5	HP:0000505	Visual impairment	0.7516431755272064	1.0
5	HP:0000464	Abnormality of the neck	0.01552196804146663	0.09939889393690367
5	HP:0000546	Retinal degeneration	1.0	1.0
5	HP:0012448	Delayed myelination	1.0	1.0
5	HP:0002659	Increased susceptibility to fractures	0.4413168082519276	0.8058314945858491
5	HP:0010719	Abnormality of hair texture	0.001744609194798118	0.029378357304995467
5	HP:0000275	Narrow face	0.21065328594833138	0.4725840165025066
5	HP:0200055	Small hand	0.29608308875155326	0.6054832579566995
5	HP:0003002	Breast carcinoma	1.0	1.0
5	HP:0002553	Highly arched eyebrow	1.0	1.0
5	HP:0025428	Bronchospasm	1.0	1.0
5	HP:0009473	Joint contracture of the hand	0.620309608290489	1.0
5	HP:0002353	EEG abnormality	0.7038109861872707	1.0
5	HP:0008113	Multiple plantar creases	1.0	1.0
5	HP:0000798	Oligospermia	1.0	1.0
5	HP:0002745	Oral leukoplakia	1.0	1.0
5	HP:0000413	Atresia of the external auditory canal	1.0	1.0
5	HP:0010648	Dermal translucency	4.8775228775767e-06	0.0005117647080780476
5	HP:0001181	Adducted thumb	0.013293871114309882	0.09235144594646359
5	HP:0004209	Clinodactyly of the 5th finger	0.6978328415271366	1.0
5	HP:0005425	Recurrent sinopulmonary infections	0.0369600963356264	0.15853324340186922
5	HP:0002953	Vertebral compression fracture	0.045995251433866215	0.18400388976161064
5	HP:0006956	Lateral ventricle dilatation	1.0	1.0
5	HP:0010609	Skin tags	1.0	1.0
5	HP:0000492	Abnormal eyelid morphology	0.00014809992793391168	0.005611341713940432
5	HP:0006288	Advanced eruption of teeth	0.010125540780234496	0.07802959109740029
5	HP:0000716	Depression	0.5727020639136081	0.9989330117367793
5	HP:0004381	Supravalvular aortic stenosis	0.02784368834785619	0.13612469858951914
5	HP:0000331	Short chin	0.10279010804672678	0.29516991026470596
5	HP:0000818	Abnormality of the endocrine system	0.4574656399125555	0.8297648043094757
5	HP:0000973	Cutis laxa	1.0213810909791936e-08	1.9902340115651716e-06
5	HP:0007108	Demyelinating peripheral neuropathy	1.0	1.0
5	HP:0000121	Nephrocalcinosis	0.016100264297901477	0.10214307210389588
5	HP:0012542	Onychauxis	0.009364340463763374	0.07340781834812209
5	HP:0008391	Dystrophic fingernails	0.08997606664970373	0.26796365700916136
5	HP:0001270	Motor delay	0.4043499445343512	0.7534608256077255
5	HP:0002239	Gastrointestinal hemorrhage	1.0	1.0
5	HP:0000200	Short lingual frenulum	1.0	1.0
5	HP:0001622	Premature birth	0.0012434283011538425	0.024229088611054873
5	HP:0010720	Abnormal hair pattern	0.06759562167880227	0.226444406264542
5	HP:0002751	Kyphoscoliosis	0.3511994929092927	0.6833610675153713
5	HP:0002105	Hemoptysis	0.24378328053983733	0.5261398649625604
5	HP:0000752	Hyperactivity	0.28703181436328895	0.5931990830174638
5	HP:0000486	Strabismus	0.11226962620783348	0.3131610841461858
5	HP:0008419	Intervertebral disc degeneration	1.0	1.0
5	HP:0000509	Conjunctivitis	0.31602511953681056	0.6357791490386573
5	HP:0003079	Defective DNA repair after ultraviolet radiation damage	1.0	1.0
5	HP:0004326	Cachexia	1.0	1.0
5	HP:0002094	Dyspnea	1.0	1.0
5	HP:0004970	Ascending tubular aorta aneurysm	0.07698828833177605	0.24708711831657068
5	HP:0012706	Elevated brain choline level by MRS	1.0	1.0
5	HP:0001837	Broad toe	0.13612817704214392	0.3550264502590522
5	HP:0002362	Shuffling gait	1.0	1.0
5	HP:0007676	Hypoplasia of the iris	0.0682321488084507	0.226444406264542
5	HP:0004785	Malrotation of colon	0.009364340463763374	0.07340781834812209
5	HP:0003196	Short nose	0.2233251121863974	0.4953096797109692
5	HP:0002187	Intellectual disability, profound	0.16433045881886676	0.3960189855634881
5	HP:0000589	Coloboma	1.0	1.0
5	HP:0011170	Generalized myoclonic-atonic seizure	1.0	1.0
5	HP:0002637	Cerebral ischemia	0.027691649816068906	0.13612469858951914
5	HP:0011341	Long upper lip	1.0	1.0
5	HP:0001029	Poikiloderma	1.0	1.0
5	HP:0000679	Taurodontia	1.0	1.0
5	HP:0004334	Dermal atrophy	0.04619174103082829	0.18400388976161064
5	HP:0001762	Talipes equinovarus	0.029801773967938285	0.1441475875612334
5	HP:0002299	Brittle hair	0.0041652289929100935	0.050799609692148404
5	HP:0004054	Sclerosis of hand bone	1.0	1.0
5	HP:0002509	Limb hypertonia	0.19549037600385297	0.4481493661668159
5	HP:0012156	Hemophagocytosis	1.0	1.0
5	HP:0001000	Abnormality of skin pigmentation	0.03467078366607002	0.15474155882151236
5	HP:0001310	Dysmetria	0.27558950004257976	0.5756570873783748
5	HP:0000958	Dry skin	0.06809785711329938	0.226444406264542
5	HP:0100718	Uterine rupture	0.014015212104778565	0.09235144594646359
5	HP:0000289	Broad philtrum	1.0	1.0
5	HP:0002677	Small foramen magnum	0.009364340463763374	0.07340781834812209
5	HP:0000991	Xanthomatosis	1.0	1.0
5	HP:0011819	Submucous cleft soft palate	0.0369600963356264	0.15853324340186922
5	HP:0001305	Dandy-Walker malformation	0.25807977975108454	0.5500200510193567
5	HP:0000368	Low-set, posteriorly rotated ears	0.009458452581216876	0.07372188183302754
5	HP:0000402	Stenosis of the external auditory canal	0.0682321488084507	0.226444406264542
5	HP:0000365	Hearing impairment	0.007310548449964705	0.07012105467117886
5	HP:0000649	Abnormality of visual evoked potentials	1.0	1.0
5	HP:0100806	Sepsis	0.3322323201408859	0.6558102527817198
5	HP:0000905	Progressive clavicular acroosteolysis	1.0	1.0
5	HP:0000008	Abnormal morphology of female internal genitalia	0.03250936152405144	0.14880123865371198
5	HP:0010566	Hamartoma	1.0	1.0
5	HP:0001597	Abnormality of the nail	0.004662236338455834	0.050799609692148404
5	HP:0002910	Elevated hepatic transaminase	1.0	1.0
5	HP:0000016	Urinary retention	1.0	1.0
5	HP:0004492	Widely patent fontanelles and sutures	0.00012484176579916282	0.004865261958573088
5	HP:0000389	Chronic otitis media	0.19549037600385297	0.4481493661668159
5	HP:0200134	Epileptic encephalopathy	1.0	1.0
5	HP:0007618	Subcutaneous calcification	1.0	1.0
5	HP:0025610	Posterior blepharitis	0.014015212104778565	0.09235144594646359
5	HP:0004305	Involuntary movements	0.7429397302566546	1.0
5	HP:0002645	Wormian bones	0.11543261582716413	0.32002050404116233
5	HP:0001376	Limitation of joint mobility	0.09266999402608982	0.27538534172458934
5	HP:0003758	Reduced subcutaneous adipose tissue	5.7650478015765695e-05	0.0026211750671168133
5	HP:0410263	Brain imaging abnormality	1.0	1.0
5	HP:0009763	Limb pain	0.03050992275709551	0.14500186285950617
5	HP:0100761	Visceral angiomatosis	1.0	1.0
5	HP:0012202	Increased serum bile acid concentration	1.0	1.0
5	HP:0003202	Skeletal muscle atrophy	1.0	1.0
5	HP:0002013	Vomiting	0.288808889324647	0.5959687216926149
5	HP:0001647	Bicuspid aortic valve	0.2068882169569093	0.4687633354306051
5	HP:0008046	Abnormal retinal vascular morphology	0.32255233870368494	0.6422794014479215
5	HP:0100540	Palpebral edema	0.18780555146161995	0.43491811917427775
5	HP:0000020	Urinary incontinence	1.0	1.0
5	HP:0000194	Open mouth	0.23288956807610334	0.5098898408600401
5	HP:0030890	Hyperintensity of cerebral white matter on MRI	1.0	1.0
5	HP:0025134	Increased serum estradiol	0.01864533555110504	0.1105749464856838
5	HP:0004426	Abnormal cheek morphology	0.5599430464326348	0.9804394291837149
5	HP:0100560	Upper limb asymmetry	1.0	1.0
5	HP:0010754	Abnormality of the temporomandibular joint	0.07698828833177605	0.24708711831657068
5	HP:0040270	Impaired glucose tolerance	0.04148778746709969	0.1720040793468814
5	HP:0001508	Failure to thrive	0.05309957918039329	0.2013697186503
5	HP:0001331	Absent septum pellucidum	1.0	1.0
5	HP:0000418	Narrow nasal ridge	1.0	1.0
5	HP:0011448	Ankle clonus	1.0	1.0
5	HP:0001025	Urticaria	1.0	1.0
5	HP:0007957	Corneal opacity	0.006182671864228718	0.06155594469202899
5	HP:0004934	Vascular calcification	1.0	1.0
5	HP:0100872	Abnormality of the plantar skin of foot	0.022067648354495293	0.12587121099541426
5	HP:0000695	Natal tooth	0.0682321488084507	0.226444406264542
5	HP:0002230	Generalized hirsutism	0.03343858130873685	0.15052879506639294
5	HP:0010669	Hypoplasia of the zygomatic bone	0.011980398109448667	0.08929651924201083
5	HP:0000664	Synophrys	0.08150872743823669	0.25795337407367713
5	HP:0010668	Abnormal zygomatic bone morphology	5.5307163356902865e-05	0.0026211750671168133
5	HP:0000541	Retinal detachment	1.0	1.0
5	HP:0001073	Cigarette-paper scars	0.00012484176579916282	0.004865261958573088
5	HP:0000320	Bird-like facies	1.0	1.0
5	HP:0000988	Skin rash	1.0	1.0
5	HP:0002665	Lymphoma	1.0	1.0
5	HP:0030318	Angular cheilitis	0.01864533555110504	0.1105749464856838
5	HP:0000499	Abnormal eyelash morphology	0.0006869140466096057	0.016437732624131618
5	HP:0002110	Bronchiectasis	0.1402117120124008	0.36152887558585006
5	HP:0001892	Abnormal bleeding	0.26038817828898425	0.5532234815984026
5	HP:0000023	Inguinal hernia	6.557572672839646e-06	0.0006388949375538055
5	HP:0009928	Thick nasal alae	1.0	1.0
5	HP:0100769	Synovitis	0.05939713491202625	0.21320445268422056
5	HP:0001105	Retinal atrophy	1.0	1.0
5	HP:0001561	Polyhydramnios	0.49052967934332264	0.8803716876635423
5	HP:0001596	Alopecia	0.049091679035092296	0.1918654733635126
5	HP:0004313	Decreased circulating antibody level	1.0	1.0
5	HP:0002017	Nausea and vomiting	0.27877288032160613	0.579324243669989
5	HP:0007776	Sparse lower eyelashes	1.0	1.0
5	HP:0003134	Abnormality of peripheral nerve conduction	1.0	1.0
5	HP:0001928	Abnormality of coagulation	1.0	1.0
5	HP:0011675	Arrhythmia	0.454531926415234	0.8255413417182147
5	HP:0003319	Abnormality of the cervical spine	0.37511680800418407	0.7136113334974994
5	HP:0002240	Hepatomegaly	1.0	1.0
5	HP:0000407	Sensorineural hearing impairment	0.007300821168116544	0.07012105467117886
5	HP:0006970	Periventricular leukomalacia	1.0	1.0
5	HP:0009773	Symphalangism affecting the phalanges of the hand	1.0	1.0
5	HP:0004586	Biconcave vertebral bodies	0.0369600963356264	0.15853324340186922
5	HP:0100781	Abnormal sacroiliac joint morphology	0.054949840041633904	0.2020374150949313
5	HP:0006709	Aplasia/Hypoplasia of the nipples	1.0	1.0
5	HP:0001256	Intellectual disability, mild	0.2745926345194421	0.5756570873783748
5	HP:0002080	Intention tremor	1.0	1.0
5	HP:0000468	Increased adipose tissue around the neck	1.0	1.0
5	HP:0002634	Arteriosclerosis	1.0	1.0
5	HP:0000506	Telecanthus	0.002041792218592946	0.03315481650191403
5	HP:0200102	Sparse or absent eyelashes	0.03050992275709551	0.14500186285950617
5	HP:0004349	Reduced bone mineral density	0.0016457907438158302	0.0287084522310528
5	HP:0000540	Hypermetropia	0.06680235348128497	0.226444406264542
5	HP:0030680	Abnormality of cardiovascular system morphology	0.07508102874078498	0.2432553995307143
5	HP:0040022	Clinodactyly of the 2nd finger	0.02325479851234926	0.12587121099541426
5	HP:0200021	Down-sloping shoulders	0.05939713491202625	0.21320445268422056
5	HP:0006380	Knee flexion contracture	0.1523525761738664	0.3764654237339743
5	HP:0012397	Aortic atherosclerotic lesion	1.0	1.0
5	HP:0002461	Dense calcifications in the cerebellar dentate nucleus	1.0	1.0
5	HP:0100581	Dilatation of renal calices	0.02325479851234926	0.12587121099541426
5	HP:0001251	Ataxia	0.7610378192785948	1.0
5	HP:0005177	Premature arteriosclerosis	1.0	1.0
5	HP:0009738	Abnormal antihelix morphology	1.0	1.0
5	HP:0003186	Inverted nipples	1.0	1.0
5	HP:0000482	Microcornea	0.24738174220750409	0.5330627114866281
5	HP:0002748	Rickets	0.11123737094135512	0.3115560040328714
5	HP:0011220	Prominent forehead	0.010691899529002817	0.08147346903664716
5	HP:0007381	Congenital exfoliative erythroderma	1.0	1.0
5	HP:0040154	Acne inversa	0.014015212104778565	0.09235144594646359
5	HP:0011832	Narrow nasal tip	1.0	1.0
5	HP:0002326	Transient ischemic attack	0.1279057668870805	0.34008472911106785
5	HP:0001004	Lymphedema	0.24378328053983733	0.5261398649625604
5	HP:0012719	Functional abnormality of the gastrointestinal tract	0.030060955663797205	0.14488743295201195
5	HP:0001757	High-frequency sensorineural hearing impairment	1.0	1.0
5	HP:0000336	Prominent supraorbital ridges	0.11543261582716413	0.32002050404116233
5	HP:0009059	Congenital generalized lipodystrophy	0.009364340463763374	0.07340781834812209
5	HP:0000212	Gingival overgrowth	0.003646792227100506	0.04829344269674845
5	HP:0002061	Lower limb spasticity	1.0	1.0
5	HP:0011364	White hair	1.0	1.0
5	HP:0001646	Abnormal aortic valve morphology	0.309438183751214	0.6252943446468976
5	HP:0100874	Thick hair	0.08133698897567815	0.25795337407367713
5	HP:0003717	Minimal subcutaneous fat	1.0	1.0
5	HP:0001555	Asymmetry of the thorax	1.0	1.0
5	HP:0001601	Laryngomalacia	0.21440137101030515	0.4794155246853381
5	HP:0001883	Talipes	0.01417841107180781	0.09253278804758781
5	HP:0001177	Preaxial hand polydactyly	1.0	1.0
5	HP:0000572	Visual loss	0.4728982809043187	0.8543486823225043
5	HP:0011370	Recurrent cutaneous fungal infections	0.09426660853254343	0.2765153850287941
5	HP:0003552	Muscle stiffness	1.0	1.0
5	HP:0005344	Abnormal carotid artery morphology	0.11960904351447689	0.327603886252503
5	HP:0000684	Delayed eruption of teeth	1.0	1.0
5	HP:0011410	Caesarian section	0.02325479851234926	0.12587121099541426
5	HP:0004380	Aortic valve calcification	1.0	1.0
5	HP:0100785	Insomnia	0.1442769048634061	0.36492209136641185
5	HP:0000787	Nephrolithiasis	0.27211927010266396	0.5727942660802988
5	HP:0002960	Autoimmunity	0.27992326060941836	0.5802664551234751
5	HP:0000836	Hyperthyroidism	0.13202622156751023	0.34765205833606944
5	HP:0002213	Fine hair	0.02677733756089368	0.13612469858951914
5	HP:0001653	Mitral regurgitation	0.002090906671162503	0.0332073304776113
5	HP:0012385	Camptodactyly	0.6457063341276048	1.0
5	HP:0003292	Decreased serum leptin	1.0	1.0
5	HP:0004969	Peripheral pulmonary artery stenosis	0.0009206117662010287	0.01931868383228005
5	HP:0000519	Developmental cataract	0.1839370377748451	0.42887199918784397
5	HP:0001320	Cerebellar vermis hypoplasia	0.40219986034671623	0.7515076842642753
5	HP:0000271	Abnormality of the face	0.0008240048956760152	0.017840359963525152
5	HP:0001641	Abnormal pulmonary valve morphology	0.00896755732849932	0.07340781834812209
5	HP:0001480	Freckling	0.09853792846400983	0.2861489801231998
5	HP:0012896	Abnormal motor evoked potentials	1.0	1.0
5	HP:0007740	Long eyelashes in irregular rows	0.009364340463763374	0.07340781834812209
5	HP:0006191	Deep palmar crease	0.0682321488084507	0.226444406264542
5	HP:0002392	EEG with polyspike wave complexes	1.0	1.0
5	HP:0001043	Prominent scalp veins	0.009364340463763374	0.07340781834812209
5	HP:0001874	Abnormality of neutrophils	1.0	1.0
5	HP:0005528	Bone marrow hypocellularity	1.0	1.0
5	HP:0012506	Small pituitary gland	0.03241209206802603	0.14880123865371198
5	HP:0200036	Skin nodule	0.002895917592825701	0.04065604316848905
5	HP:0001635	Congestive heart failure	0.1750176421482158	0.4137332129812242
5	HP:0003199	Decreased muscle mass	1.0	1.0
5	HP:0000139	Uterine prolapse	0.00012484176579916282	0.004865261958573088
5	HP:0011471	Gastrostomy tube feeding in infancy	1.0	1.0
5	HP:0002465	Poor speech	1.0	1.0
5	HP:0040071	Abnormal morphology of ulna	0.09859972188995889	0.2861489801231998
5	HP:0040266	Proximal upper limb muscle hypertrophy	1.0	1.0
5	HP:0007394	Prominent superficial blood vessels	0.08566622088436963	0.26322999004863085
5	HP:0004464	Postauricular pit	1.0	1.0
5	HP:0100615	Ovarian neoplasm	1.0	1.0
5	HP:0002516	Increased intracranial pressure	1.0	1.0
5	HP:0001809	Split nail	1.0	1.0
5	HP:0005978	Type II diabetes mellitus	0.028618601895702915	0.13891734158625899
5	HP:0002561	Absent nipple	1.0	1.0
5	HP:0000337	Broad forehead	0.00099714539222471	0.020607671439310676
5	HP:0005916	Abnormal metacarpal morphology	1.0	1.0
5	HP:0001704	Tricuspid valve prolapse	0.050482573863622274	0.19506580949003055
5	HP:0001680	Coarctation of aorta	0.03750945230868965	0.1598840404657896
5	HP:0012433	Abnormal social behavior	0.41528228773293435	0.7696264136789708
5	HP:0010299	Abnormal dentin morphology	1.0	1.0
5	HP:0010628	Facial palsy	1.0	1.0
5	HP:0002217	Slow-growing hair	0.045995251433866215	0.18400388976161064
5	HP:0000075	Renal duplication	0.09426660853254343	0.2765153850287941
5	HP:0000453	Choanal atresia	0.25096393286810614	0.5373858782293514
5	HP:0010885	Avascular necrosis	0.25096393286810614	0.5373858782293514
5	HP:0001065	Striae distensae	0.0682321488084507	0.226444406264542
5	HP:0001852	Sandal gap	1.0	1.0
5	HP:0011344	Severe global developmental delay	1.0	1.0
5	HP:0004308	Ventricular arrhythmia	1.0	1.0
5	HP:0100578	Lipoatrophy	1.4951744971286734e-05	0.0011996576553432415
5	HP:0002352	Leukoencephalopathy	1.0	1.0
5	HP:0002716	Lymphadenopathy	1.0	1.0
5	HP:0045075	Sparse eyebrow	0.29944467858559537	0.611440930525078
5	HP:0006470	Thin long bone diaphyses	0.014015212104778565	0.09235144594646359
5	HP:0003233	Decreased HDL cholesterol concentration	1.0	1.0
5	HP:0000750	Delayed speech and language development	0.8554616854564105	1.0
5	HP:0000011	Neurogenic bladder	1.0	1.0
5	HP:0000771	Gynecomastia	0.23288956807610334	0.5098898408600401
5	HP:0001773	Short foot	0.3257937150735238	0.6477880865310298
5	HP:0011457	Loss of eyelashes	1.0	1.0
5	HP:0012758	Neurodevelopmental delay	0.031475356461118556	0.1480427110791921
5	HP:0006610	Wide intermamillary distance	1.0	1.0
5	HP:0000391	Thickened helices	0.0682321488084507	0.226444406264542
5	HP:0000938	Osteopenia	0.00024373984134721456	0.007731654502269783
5	HP:0002093	Respiratory insufficiency	0.4994173378104348	0.8927984911840539
5	HP:0012733	Macule	0.024817761728362735	0.13120708138560763
5	HP:0004382	Mitral valve calcification	1.0	1.0
5	HP:0000369	Low-set ears	0.014595404234097565	0.0948006255967099
5	HP:0002823	Abnormality of femur morphology	0.0081005177246472	0.07340781834812209
5	HP:0012811	Wide nasal ridge	0.02325479851234926	0.12587121099541426
5	HP:0005280	Depressed nasal bridge	0.11786790513551355	0.32610917364065006
5	HP:0008625	Severe sensorineural hearing impairment	0.0007385672838398868	0.016904653150714884
5	HP:0025509	Piezogenic pedal papules	0.014015212104778565	0.09235144594646359
5	HP:0000574	Thick eyebrow	0.3192961615285045	0.6395300504036419
5	HP:0100627	Displacement of the urethral meatus	0.017153428410740888	0.10732695574426868
5	HP:0000496	Abnormality of eye movement	0.32681104459047755	0.6488650142960865
5	HP:0003691	Scapular winging	0.15636320983284968	0.3835960759208758
5	HP:0006695	Atrioventricular canal defect	0.11123737094135512	0.3115560040328714
5	HP:0004437	Cranial hyperostosis	1.0	1.0
5	HP:0011121	Abnormality of skin morphology	6.239541932562254e-09	1.4184558660024857e-06
5	HP:0001126	Cryptophthalmos	1.0	1.0
5	HP:0100790	Hernia	1.96512951362883e-05	0.0014891314758831802
5	HP:0000637	Long palpebral fissure	0.1279057668870805	0.34008472911106785
5	HP:0000518	Cataract	0.255175641249988	0.5446941700547475
5	HP:0000504	Abnormality of vision	0.2584771647385687	0.5500200510193567
5	HP:0003028	Abnormality of the ankle	0.372681003246599	0.7099677212686607
5	HP:0200034	Papule	0.10750791681022653	0.30423402184470744
5	HP:0000613	Photophobia	0.43314507118576867	0.7930333920770316
5	HP:0001812	Hyperconvex fingernails	1.0	1.0
5	HP:0002376	Developmental regression	0.4979131917534612	0.8912776818264058
5	HP:0002151	Increased serum lactate	1.0	1.0
5	HP:0003070	Elbow ankylosis	1.0	1.0
5	HP:0000298	Mask-like facies	1.0	1.0
5	HP:0009890	High anterior hairline	1.0	1.0
5	HP:0001888	Lymphopenia	1.0	1.0
5	HP:0100559	Lower limb asymmetry	1.0	1.0
5	HP:0012110	Hypoplasia of the pons	1.0	1.0
5	HP:0002414	Spina bifida	0.047325441032426606	0.18710696106733302
5	HP:0000952	Jaundice	1.0	1.0
5	HP:0008479	Hypoplastic vertebral bodies	0.054949840041633904	0.2020374150949313
5	HP:0002227	White eyelashes	0.03241209206802603	0.14880123865371198
5	HP:0005244	Gastrointestinal infarctions	0.07262003602856631	0.23640508148678868
5	HP:0025169	Left ventricular systolic dysfunction	1.0	1.0
5	HP:0001338	Partial agenesis of the corpus callosum	1.0	1.0
5	HP:0000010	Recurrent urinary tract infections	0.03343858130873685	0.15052879506639294
5	HP:0001272	Cerebellar atrophy	1.0	1.0
5	HP:0002721	Immunodeficiency	0.41645970449702613	0.7697168522140159
5	HP:0006335	Persistence of primary teeth	1.0	1.0
5	HP:0000692	Tooth malposition	0.04640567307770826	0.18400388976161064
5	HP:0007443	Partial albinism	1.0	1.0
5	HP:0000992	Cutaneous photosensitivity	1.0	1.0
5	HP:0009924	Aplasia/Hypoplasia involving the nose	0.3322323201408859	0.6558102527817198
5	HP:0001297	Stroke	0.09423275575563432	0.2765153850287941
5	HP:0001511	Intrauterine growth retardation	0.014004606300843797	0.09235144594646359
5	HP:0000490	Deeply set eye	0.024817761728362735	0.13120708138560763
5	HP:0000219	Thin upper lip vermilion	0.39348570842840885	0.7402958707535858
5	HP:0007018	Attention deficit hyperactivity disorder	0.1533207114091121	0.3781726046329637
5	HP:0001061	Acne	0.1682872274797622	0.4013003116825099
5	HP:0000125	Pelvic kidney	0.054949840041633904	0.2020374150949313
5	HP:0001052	Nevus flammeus	0.10702322855606043	0.3034920660092857
5	HP:0001545	Anteriorly placed anus	1.0	1.0
5	HP:0003477	Peripheral axonal neuropathy	1.0	1.0
5	HP:0002829	Arthralgia	0.059844343180003576	0.21424589001975036
5	HP:0000494	Downslanted palpebral fissures	0.36816907717397707	0.706304671259219
5	HP:0008615	Adult onset sensorineural hearing impairment	1.0	1.0
5	HP:0003510	Severe short stature	0.004633072051374415	0.050799609692148404
5	HP:0003011	Abnormality of the musculature	0.061464387461617705	0.21719540025297032
5	HP:0004947	Arteriovenous fistula	0.002413840506716563	0.036994139900689796
5	HP:0002857	Genu valgum	0.07470213443832097	0.24260407469969
5	HP:0001800	Hypoplastic toenails	0.21065328594833138	0.4725840165025066
5	HP:0005543	Reduced protein C activity	1.0	1.0
5	HP:0000823	Delayed puberty	1.0	1.0
5	HP:0000912	Sprengel anomaly	0.006356248796129125	0.06282553157913136
5	HP:0007359	Focal-onset seizure	1.0	1.0
5	HP:0100031	Neoplasm of the thyroid gland	1.0	1.0
5	HP:0002378	Hand tremor	1.0	1.0
5	HP:0000158	Macroglossia	0.061708181781142735	0.2174934365619604
5	HP:0006579	Prolonged neonatal jaundice	1.0	1.0
5	HP:0002506	Diffuse cerebral atrophy	1.0	1.0
5	HP:0001884	Talipes calcaneovalgus	0.03241209206802603	0.14880123865371198
5	HP:0002211	White forelock	0.0009206117662010287	0.01931868383228005
5	HP:0012447	Abnormal myelination	0.2657128611581586	0.5619106087127571
5	HP:0009832	Abnormal distal phalanx morphology of finger	0.4440157608690679	0.8096757992318298
5	HP:0100308	Cerebral cortical hemiatrophy	1.0	1.0
5	HP:0003162	Fasting hypoglycemia	0.08566622088436963	0.26322999004863085
5	HP:0010838	High nonceruloplasmin-bound serum copper	1.0	1.0
5	HP:0000436	Abnormal nasal tip morphology	1.0	1.0
5	HP:0011001	Increased bone mineral density	0.309438183751214	0.6252943446468976
5	HP:0000602	Ophthalmoplegia	1.0	1.0
5	HP:0030265	Wide penis	0.009364340463763374	0.07340781834812209
5	HP:0008606	Supraauricular pit	1.0	1.0
5	HP:0010624	Aplastic/hypoplastic toenail	0.27904400886450353	0.579324243669989
5	HP:0000311	Round face	1.0	1.0
5	HP:0012379	Abnormal circulating enzyme concentration or activity	1.0	1.0
5	HP:0007754	Macular dystrophy	1.0	1.0
5	HP:0012450	Chronic constipation	0.10702322855606043	0.3034920660092857
5	HP:0001350	Slurred speech	1.0	1.0
5	HP:0001640	Cardiomegaly	0.2068882169569093	0.4687633354306051
5	HP:0012686	Increased pineal volume	0.004692632566870014	0.050799609692148404
5	HP:0045055	Tiger tail banding	1.0	1.0
5	HP:0004388	Microcolon	1.0	1.0
5	HP:0012060	Acral lentiginous melanoma	1.0	1.0
5	HP:0002107	Pneumothorax	0.13202622156751023	0.34765205833606944
5	HP:0010674	Abnormality of the curvature of the vertebral column	0.0010309665945974393	0.02098863335867026
5	HP:0001341	Olfactory lobe agenesis	0.004692632566870014	0.050799609692148404
5	HP:0032107	Limbal stem cell deficiency	0.014015212104778565	0.09235144594646359
5	HP:0010766	Ectopic calcification	1.0	1.0
5	HP:0004428	Elfin facies	0.009364340463763374	0.07340781834812209
5	HP:0002231	Sparse body hair	1.0	1.0
5	HP:0003642	Type I transferrin isoform profile	1.0	1.0
5	HP:0000193	Bifid uvula	1.0	1.0
5	HP:0025092	Epidermal acanthosis	0.07262003602856631	0.23640508148678868
5	HP:0100820	Glomerulopathy	0.12376673398194098	0.33429272307201485
5	HP:0001166	Arachnodactyly	1.0	1.0
5	HP:0002208	Coarse hair	1.0	1.0
5	HP:0003198	Myopathy	0.16828072931552843	0.4013003116825099
5	HP:0100268	Upper lip pit	1.0	1.0
5	HP:0006114	Multiple palmar creases	1.0	1.0
5	HP:0003693	Distal amyotrophy	1.0	1.0
5	HP:0000687	Widely spaced teeth	1.0	1.0
5	HP:0000062	Ambiguous genitalia	1.0	1.0
5	HP:0009748	Large earlobe	1.0	1.0
5	HP:0003077	Hyperlipidemia	0.36049005051475375	0.6974587644001761
5	HP:0003712	Skeletal muscle hypertrophy	0.022067648354495293	0.12587121099541426
5	HP:0005328	Progeroid facial appearance	5.7650478015765695e-05	0.0026211750671168133
5	HP:0002804	Arthrogryposis multiplex congenita	1.0	1.0
5	HP:0003761	Calcinosis	1.0	1.0
5	HP:0000347	Micrognathia	0.20075586951977686	0.4579113813126683
5	HP:0010845	EEG with generalized slow activity	1.0	1.0
5	HP:0008981	Calf muscle hypertrophy	1.0	1.0
5	HP:0002875	Exertional dyspnea	1.0	1.0
5	HP:0002021	Pyloric stenosis	0.1722261939610326	0.4078411954216119
5	HP:0001634	Mitral valve prolapse	3.000486628825861e-06	0.0003410553134765395
5	HP:0001212	Prominent fingertip pads	1.0	1.0
5	HP:0001388	Joint laxity	0.0007559998843061641	0.016904653150714884
5	HP:0000290	Abnormality of the forehead	0.00017602828388656026	0.005953301795194585
5	HP:0001807	Ridged nail	1.0	1.0
5	HP:0001533	Slender build	0.0037791513430216056	0.049565023383475675
5	HP:0010874	Tendon xanthomatosis	1.0	1.0
5	HP:0003635	Loss of subcutaneous adipose tissue in limbs	1.0	1.0
5	HP:0006243	Phalangeal dislocation	0.01864533555110504	0.1105749464856838
5	HP:0000998	Hypertrichosis	0.026751267036514897	0.13612469858951914
5	HP:0002007	Frontal bossing	0.08982258001720778	0.26796365700916136
5	HP:0002617	Vascular dilatation	0.00012420892640545723	0.004865261958573088
5	HP:0002092	Pulmonary arterial hypertension	0.34178080706170405	0.6688508189844539
5	HP:0000824	Decreased response to growth hormone stimulation test	0.3027910140115059	0.6145936653447828
5	HP:0010780	Hyperacusis	0.02784368834785619	0.13612469858951914
5	HP:0000035	Abnormal testis morphology	0.04263810941459688	0.17517584711298234
5	HP:0001257	Spasticity	0.6596736830326873	1.0
5	HP:0045025	Narrow palpebral fissure	1.0	1.0
5	HP:0004950	Peripheral arterial stenosis	1.0	1.0
5	HP:0003076	Glycosuria	1.0	1.0
5	HP:0010935	Abnormality of the upper urinary tract	0.004145025679744698	0.050799609692148404
5	HP:0009003	Increased subcutaneous truncal adipose tissue	0.009364340463763374	0.07340781834812209
5	HP:0008573	Low-frequency sensorineural hearing impairment	1.0	1.0
5	HP:0011171	Simple febrile seizure	1.0	1.0
5	HP:0002673	Coxa valga	0.013973249704837008	0.09235144594646359
5	HP:0002361	Psychomotor deterioration	1.0	1.0
5	HP:0031248	Palmar pruritus	0.014015212104778565	0.09235144594646359
5	HP:0001063	Acrocyanosis	0.09853792846400983	0.2861489801231998
5	HP:0200128	Biventricular hypertrophy	1.0	1.0
5	HP:0002719	Recurrent infections	0.016489957459365004	0.1041310276600642
5	HP:0001337	Tremor	0.4280128309292972	0.7878670733975188
5	HP:0012471	Thick vermilion border	0.11204458896079274	0.3131610841461858
5	HP:0009882	Short distal phalanx of finger	0.3322323201408859	0.6558102527817198
5	HP:0025244	Subretinal pigment epithelium hemorrhage	1.0	1.0
5	HP:0002761	Generalized joint laxity	0.004568889971748345	0.050799609692148404
5	HP:0000470	Short neck	0.6870942969206917	1.0
5	HP:0010751	Dimple chin	1.0	1.0
5	HP:0005272	Prominent nasolabial fold	1.0	1.0
5	HP:0000307	Pointed chin	0.01683843122397993	0.10584156769358813
5	HP:0002967	Cubitus valgus	0.14832383366518703	0.36937821105126567
5	HP:0012075	Personality disorder	1.0	1.0
5	HP:0001650	Aortic valve stenosis	1.0	1.0
5	HP:0002672	Gastrointestinal carcinoma	1.0	1.0
5	HP:0000399	Prelingual sensorineural hearing impairment	0.02325479851234926	0.12587121099541426
5	HP:0002725	Systemic lupus erythematosus	0.1279057668870805	0.34008472911106785
5	HP:0000260	Wide anterior fontanel	0.00841258115462294	0.07340781834812209
5	HP:0001903	Anemia	1.0	1.0
5	HP:0004361	Abnormal circulating leptin concentration	1.0	1.0
5	HP:0000718	Aggressive behavior	1.0	1.0
5	HP:0001805	Onychogryposis	0.002118062867706879	0.0332073304776113
5	HP:0002113	Pulmonary infiltrates	1.0	1.0
5	HP:0008897	Postnatal growth retardation	0.02119091453169744	0.122476302632353
5	HP:0000527	Long eyelashes	0.20310609114363756	0.4624986783304201
5	HP:0001382	Joint hypermobility	2.769429724653958e-05	0.001988159023383157
5	HP:0000325	Triangular face	0.00026515433532988406	0.008219784395226406
5	HP:0003312	Abnormal form of the vertebral bodies	0.025906514984104487	0.1343592640240248
5	HP:0001525	Severe failure to thrive	1.0	1.0
5	HP:0003074	Hyperglycemia	0.10702322855606043	0.3034920660092857
5	HP:0000253	Progressive microcephaly	1.0	1.0
5	HP:0006958	Abnormal auditory evoked potentials	1.0	1.0
5	HP:0000465	Webbed neck	0.03343858130873685	0.15052879506639294
5	HP:0000609	Optic nerve hypoplasia	0.18005102366901096	0.42137154558400786
5	HP:0002342	Intellectual disability, moderate	0.1418991760063093	0.36492209136641185
5	HP:0008661	Urethral stenosis	0.06382454307906779	0.22208335908124607
5	HP:0000348	High forehead	0.02119091453169744	0.122476302632353
5	HP:0001138	Optic neuropathy	1.0	1.0
5	HP:0001289	Confusion	0.3027910140115059	0.6145936653447828
5	HP:0002749	Osteomalacia	0.08997606664970373	0.26796365700916136
5	HP:0002293	Alopecia of scalp	0.10279010804672678	0.29516991026470596
5	HP:0030088	Increased serum testosterone level	0.003060377385440099	0.04216519953273025
5	HP:0008066	Abnormal blistering of the skin	1.0	1.0
5	HP:0007305	CNS demyelination	0.11543261582716413	0.32002050404116233
5	HP:0008065	Aplasia/Hypoplasia of the skin	4.7750723636471764e-05	0.002412295816301759
5	HP:0002797	Osteolysis	0.3027910140115059	0.6145936653447828
5	HP:0000411	Protruding ear	0.015248060591301873	0.09810544644592337
5	HP:0001285	Spastic tetraparesis	1.0	1.0
5	HP:0000072	Hydroureter	1.0	1.0
5	HP:0011097	Epileptic spasm	1.0	1.0
5	HP:0001875	Neutropenia	1.0	1.0
5	HP:0008647	Pubertal developmental failure in females	1.0	1.0
5	HP:0025190	Bilateral tonic-clonic seizure with generalized onset	1.0	1.0
5	HP:0008404	Nail dystrophy	0.05314743307485924	0.2013697186503
5	HP:0010994	Abnormal corpus striatum morphology	0.14832383366518703	0.36937821105126567
5	HP:0000141	Amenorrhea	1.0	1.0
5	HP:0001231	Abnormal fingernail morphology	0.12753096742425313	0.34008472911106785
5	HP:0200035	Skin plaque	0.02677733756089368	0.13612469858951914
5	HP:0011710	Bundle branch block	0.1442769048634061	0.36492209136641185
5	HP:0001048	Cavernous hemangioma	0.050482573863622274	0.19506580949003055
5	HP:0000929	Abnormal skull morphology	0.0007526928528787438	0.016904653150714884
5	HP:0100545	Arterial stenosis	0.02677733756089368	0.13612469858951914
5	HP:0000444	Convex nasal ridge	0.03750945230868965	0.1598840404657896
5	HP:0002226	White eyebrow	0.0369600963356264	0.15853324340186922
5	HP:0007477	Abnormal dermatoglyphics	0.01417841107180781	0.09253278804758781
5	HP:0001631	Atrial septal defect	0.002593527460611402	0.03845186365515166
5	HP:0005164	Dysplastic pulmonary valve	0.009364340463763374	0.07340781834812209
5	HP:0010551	Paraplegia/paraparesis	1.0	1.0
5	HP:0002902	Hyponatremia	1.0	1.0
5	HP:0001810	Dystrophic toenail	1.0	1.0
5	HP:0000252	Microcephaly	0.8346996620415001	1.0
5	HP:0009933	Narrow naris	1.0	1.0
5	HP:0002066	Gait ataxia	1.0	1.0
5	HP:0002014	Diarrhea	1.0	1.0
5	HP:0000272	Malar flattening	0.0016890394359647702	0.02879812238319933
5	HP:0001321	Cerebellar hypoplasia	0.22683376793842147	0.5006492871650597
5	HP:0000269	Prominent occiput	0.1523525761738664	0.3764654237339743
5	HP:0001976	Reduced antithrombin III activity	1.0	1.0
5	HP:0001804	Hypoplastic fingernail	1.0	1.0
5	HP:0010880	Increased nuchal translucency	0.0041652289929100935	0.050799609692148404
5	HP:0009721	Shagreen patch	0.03241209206802603	0.14880123865371198
5	HP:0000364	Hearing abnormality	0.0026917250538654	0.039168325028573134
5	HP:0000316	Hypertelorism	0.022186847049612435	0.12587121099541426
5	HP:0008386	Aplasia/Hypoplasia of the nails	0.14840121675666684	0.36937821105126567
5	HP:0000963	Thin skin	3.000486628825861e-06	0.0003410553134765395
5	HP:0001167	Abnormal finger morphology	0.12086077488320413	0.3303689317448706
5	HP:0100760	Clubbing of toes	1.0	1.0
5	HP:0000122	Unilateral renal agenesis	0.1442769048634061	0.36492209136641185
5	HP:0000855	Insulin resistance	0.0025504604353513115	0.03822887949251856
5	HP:0004568	Beaking of vertebral bodies	0.07262003602856631	0.23640508148678868
5	HP:0000946	Hypoplastic ilia	0.00841258115462294	0.07340781834812209
5	HP:0009818	Amelia involving the lower limbs	1.0	1.0
5	HP:0000964	Eczema	0.32255233870368494	0.6422794014479215
5	HP:0002155	Hypertriglyceridemia	0.23653726390075336	0.5140182645953628
5	HP:0011029	Internal hemorrhage	0.6886502675973667	1.0
5	HP:0001369	Arthritis	0.06759562167880227	0.226444406264542
5	HP:0001387	Joint stiffness	0.04640567307770826	0.18400388976161064
5	HP:0007485	Absence of subcutaneous fat	1.0	1.0
5	HP:0000042	Absent external genitalia	1.0	1.0
5	HP:0001539	Omphalocele	1.0	1.0
5	HP:0000077	Abnormality of the kidney	0.00292103535961285	0.04065604316848905
5	HP:0002141	Gait imbalance	0.1402117120124008	0.36152887558585006
5	HP:0000044	Hypogonadotropic hypogonadism	0.03443875642246413	0.15452126236921404
5	HP:0008476	Irregular sclerotic endplates	0.004692632566870014	0.050799609692148404
5	HP:0000303	Mandibular prognathia	0.023881050953915104	0.12875001383849882
5	HP:0007970	Congenital ptosis	1.0	1.0
5	HP:0031452	Lichenoid skin lesion	0.02325479851234926	0.12587121099541426
5	HP:0002253	Colonic diverticula	0.009364340463763374	0.07340781834812209
5	HP:0001371	Flexion contracture	0.3818685478397886	0.724434908558375
5	HP:0004306	Abnormal endocardium morphology	0.01835768168595021	0.1105749464856838
5	HP:0011079	Impacted tooth	1.0	1.0
5	HP:0002650	Scoliosis	0.0016481372441324545	0.0287084522310528
5	HP:0001582	Redundant skin	1.0137159652940058e-09	2.765417153322048e-07
5	HP:0001348	Brisk reflexes	0.11960904351447689	0.327603886252503
5	HP:0000047	Hypospadias	0.013717708428553787	0.09235144594646359
5	HP:0011968	Feeding difficulties	0.4272250092678693	0.7874796116775321
5	HP:0001954	Recurrent fever	1.0	1.0
5	HP:0001969	Abnormal tubulointerstitial morphology	0.13612817704214392	0.3550264502590522
5	HP:0011224	Ablepharon	1.0	1.0
5	HP:0002890	Thyroid carcinoma	1.0	1.0
5	HP:0001671	Abnormal cardiac septum morphology	0.008154610256495158	0.07340781834812209
5	HP:0010468	Aplasia/Hypoplasia of the testes	1.0	1.0
5	HP:0000287	Increased facial adipose tissue	1.0	1.0
5	HP:0007703	Abnormality of retinal pigmentation	0.12910840327559456	0.3419492467338077
5	HP:0008935	Generalized neonatal hypotonia	0.054949840041633904	0.2020374150949313
5	HP:0009814	Upper limb peromelia	1.0	1.0
5	HP:0000960	Sacral dimple	0.02239983637722035	0.12587121099541426
5	HP:0002283	Global brain atrophy	1.0	1.0
5	HP:0002162	Low posterior hairline	0.27558950004257976	0.5756570873783748
5	HP:0002750	Delayed skeletal maturation	0.22859019957410168	0.503710875959733
5	HP:0002172	Postural instability	1.0	1.0
5	HP:0005338	Sparse lateral eyebrow	1.0	1.0
5	HP:0100645	Cystocele	0.014015212104778565	0.09235144594646359
5	HP:0002942	Thoracic kyphosis	1.0	1.0
5	HP:0007372	Atrophy/Degeneration involving the corticospinal tracts	0.054949840041633904	0.2020374150949313
5	HP:0007587	Numerous pigmented freckles	1.0	1.0
5	HP:0001260	Dysarthria	0.454531926415234	0.8255413417182147
5	HP:0002812	Coxa vara	0.16433045881886676	0.3960189855634881
5	HP:0004944	Dilatation of the cerebral artery	0.08133698897567815	0.25795337407367713
5	HP:0011994	Abnormal atrial septum morphology	0.002812326990571968	0.03995847932437671
5	HP:0200041	Skin erosion	1.0	1.0
5	HP:0000405	Conductive hearing impairment	1.0	1.0
5	HP:0000633	Decreased lacrimation	1.0	1.0
5	HP:0000093	Proteinuria	0.10600764864021311	0.3034920660092857
5	HP:0012844	Trichilemmoma	0.014015212104778565	0.09235144594646359
5	HP:0002121	Generalized non-motor (absence) seizure	1.0	1.0
5	HP:0000491	Keratitis	0.27211927010266396	0.5727942660802988
5	HP:0000627	Posterior embryotoxon	0.0005760621948236072	0.014251112949578149
5	HP:0008059	Aplasia/Hypoplasia of the macula	1.0	1.0
5	HP:0000625	Eyelid coloboma	1.0	1.0
5	HP:0007469	Palmoplantar cutis gyrata	1.0	1.0
5	HP:0001513	Obesity	0.606971739957476	1.0
5	HP:0001278	Orthostatic hypotension	0.14832383366518703	0.36937821105126567
5	HP:0008069	Neoplasm of the skin	0.5147480679135686	0.9154059512830609
5	HP:0100879	Enlarged ovaries	0.06382454307906779	0.22208335908124607
5	HP:0030009	Cervical insufficiency	0.004692632566870014	0.050799609692148404
5	HP:0012056	Cutaneous melanoma	1.0	1.0
5	HP:0005692	Joint hyperflexibility	2.9917984937794134e-05	0.00204040657275756
5	HP:0000581	Blepharophimosis	0.36049005051475375	0.6974587644001761
5	HP:0000554	Uveitis	1.0	1.0
5	HP:0002453	Abnormal globus pallidus morphology	1.0	1.0
5	HP:0003185	Short greater sciatic notch	0.009364340463763374	0.07340781834812209
5	HP:0007522	Increased number of skin folds	0.014015212104778565	0.09235144594646359
5	HP:0003394	Muscle spasm	0.369654132333434	0.7071644270726565
5	HP:0001644	Dilated cardiomyopathy	1.0	1.0
5	HP:0000027	Azoospermia	1.0	1.0
5	HP:0001873	Thrombocytopenia	1.0	1.0
5	HP:0010505	Limitation of movement at ankles	1.0	1.0
5	HP:0003187	Breast hypoplasia	1.0	1.0
5	HP:0009830	Peripheral neuropathy	0.4820282294059396	0.8673964444719019
5	HP:0002290	Poliosis	1.0	1.0
5	HP:0000944	Abnormal metaphysis morphology	0.5490348749021297	0.9650561460908567
5	HP:0100613	Death in early adulthood	0.04148778746709969	0.1720040793468814
5	HP:0001608	Abnormality of the voice	0.35070117245831167	0.6833610675153713
5	HP:0000221	Furrowed tongue	0.07698828833177605	0.24708711831657068
5	HP:0002623	Overriding aorta	0.02325479851234926	0.12587121099541426
5	HP:0005930	Abnormal epiphysis morphology	0.2479888328747666	0.5335280253015484
5	HP:0000327	Hypoplasia of the maxilla	1.0	1.0
5	HP:0100651	Type I diabetes mellitus	1.0	1.0
5	HP:0002020	Gastroesophageal reflux	0.011560130583462256	0.08760010064356955
5	HP:0000078	Abnormality of the genital system	0.12863776491352294	0.3413655862685706
5	HP:0010511	Long toe	0.09426660853254343	0.2765153850287941
5	HP:0000639	Nystagmus	0.36574912243256624	0.7046353149689554
5	HP:0001643	Patent ductus arteriosus	0.20761545755110436	0.46963098523997737
5	HP:0000026	Male hypogonadism	1.0	1.0
5	HP:0000956	Acanthosis nigricans	0.00133627046243714	0.024480538953756643
5	HP:0007495	Prematurely aged appearance	1.5452300636926102e-35	2.1076938068767202e-32
5	HP:0002836	Bladder exstrophy	1.0	1.0
5	HP:0030839	Knee pain	0.07262003602856631	0.23640508148678868
5	HP:0006261	Abnormal phalangeal joint morphology of the hand	0.22157298623430033	0.4928324813735539
5	HP:0100783	Breast aplasia	1.0	1.0
5	HP:0010749	Blepharochalasis	0.014015212104778565	0.09235144594646359
5	HP:0008936	Axial hypotonia	1.0	1.0
5	HP:0001300	Parkinsonism	1.0	1.0
5	HP:0001197	Abnormality of prenatal development or birth	0.004538921209935125	0.050799609692148404
5	HP:0000939	Osteoporosis	0.02825398711083242	0.13763728006848364
5	HP:0001999	Abnormal facial shape	0.0007251708982236548	0.016904653150714884
5	HP:0100309	Subdural hemorrhage	1.0	1.0
5	HP:0001288	Gait disturbance	0.8828111109494985	1.0
5	HP:0007418	Alopecia totalis	1.0	1.0
5	HP:0001544	Prominent umbilicus	1.0	1.0
5	HP:0008947	Infantile muscular hypotonia	1.0	1.0
5	HP:0002076	Migraine	0.3027910140115059	0.6145936653447828
5	HP:0002900	Hypokalemia	0.016100264297901477	0.10214307210389588
5	HP:0012639	Abnormal nervous system morphology	0.23589203537237247	0.5140182645953628
5	HP:0000430	Underdeveloped nasal alae	0.29270617864721904	0.602188880354158
5	HP:0002863	Myelodysplasia	0.1402117120124008	0.36152887558585006
5	HP:0009743	Distichiasis	1.0	1.0
5	HP:0002088	Abnormal lung morphology	0.042565964370521736	0.17517584711298234
5	HP:0011451	Primary microcephaly	1.0	1.0
5	HP:0007730	Iris hypopigmentation	1.0	1.0
5	HP:0004691	2-3 toe syndactyly	0.1682872274797622	0.4013003116825099
5	HP:0000256	Macrocephaly	0.030962393041506588	0.1466413337104687
5	HP:0002140	Ischemic stroke	1.0	1.0
5	HP:0045017	Congenital malformation of the left heart	0.14832383366518703	0.36937821105126567
5	HP:0002621	Atherosclerosis	1.0	1.0
5	HP:0004416	Precocious atherosclerosis	1.0	1.0
5	HP:0006480	Premature loss of teeth	0.007351400892946171	0.07012105467117886
5	HP:0000400	Macrotia	0.03139459075520188	0.1480427110791921
5	HP:0000767	Pectus excavatum	0.007782648556640384	0.07321056987074126
5	HP:0000204	Cleft upper lip	1.0	1.0
5	HP:0002174	Postural tremor	1.0	1.0
5	HP:0000821	Hypothyroidism	0.23386732855644002	0.5112099938317054
5	HP:0100764	Lymphangioma	1.0	1.0
5	HP:0001761	Pes cavus	1.0	1.0
5	HP:0011003	High myopia	1.0	1.0
5	HP:0000133	Gonadal dysgenesis	1.0	1.0
5	HP:0006467	Limited shoulder movement	1.0	1.0
5	HP:0000808	Penoscrotal hypospadias	1.0	1.0
5	HP:0001217	Clubbing	1.0	1.0
5	HP:0031653	Abnormal heart valve physiology	0.00016652870356850924	0.005824234658139657
5	HP:0011072	Rootless teeth	1.0	1.0
5	HP:0000179	Thick lower lip vermilion	0.21065328594833138	0.4725840165025066
5	HP:0000485	Megalocornea	0.0027279991772100054	0.039168325028573134
5	HP:0002171	Gliosis	1.0	1.0
5	HP:0000726	Dementia	1.0	1.0
5	HP:0000978	Bruising susceptibility	0.042854049572401416	0.175534305155422
5	HP:0002256	Small bowel diverticula	0.009364340463763374	0.07340781834812209
5	HP:0001718	Mitral stenosis	1.0	1.0
5	HP:0002023	Anal atresia	0.34178080706170405	0.6688508189844539
5	HP:0001763	Pes planus	0.0003350432126571492	0.009520811293007322
5	HP:0030348	Increased circulating androgen concentration	0.0054283363320521425	0.05609280876453881
5	HP:0002063	Rigidity	1.0	1.0
5	HP:0002860	Squamous cell carcinoma	0.19165663941106698	0.440842590483466
5	HP:0004942	Aortic aneurysm	0.00032874575093709655	0.009520811293007322
5	HP:0000592	Blue sclerae	0.03050992275709551	0.14500186285950617
5	HP:0001361	Nystagmus-induced head nodding	0.004692632566870014	0.050799609692148404
5	HP:0002205	Recurrent respiratory infections	0.1444706226817173	0.36492209136641185
5	HP:0000579	Nasolacrimal duct obstruction	1.0	1.0
5	HP:0007410	Palmoplantar hyperhidrosis	0.01864533555110504	0.1105749464856838
5	HP:0000599	Abnormality of the frontal hairline	0.31602511953681056	0.6357791490386573
5	HP:0010750	Dermatochalasis	0.014015212104778565	0.09235144594646359
5	HP:0000270	Delayed cranial suture closure	0.18005102366901096	0.42137154558400786
5	HP:0006710	Aplasia/Hypoplasia of the clavicles	1.0	1.0
5	HP:0002360	Sleep disturbance	0.40775461383269235	0.7570535401968947
5	HP:0009907	Attached earlobe	1.0	1.0
5	HP:0007099	Chiari type I malformation	0.08997606664970373	0.26796365700916136
5	HP:0001159	Syndactyly	0.3889362205514244	0.734777015002968
5	HP:0008366	Foot joint contracture	1.0	1.0
5	HP:0001118	Juvenile cataract	1.0	1.0
5	HP:0007502	Follicular hyperkeratosis	0.054949840041633904	0.2020374150949313
5	HP:0010296	Ankyloglossia	1.0	1.0
5	HP:0100022	Abnormality of movement	0.8852427862864356	1.0
5	HP:0012157	Subcortical cerebral atrophy	1.0	1.0
5	HP:0001003	Multiple lentigines	0.0005760621948236072	0.014251112949578149
5	HP:0008388	Abnormal toenail morphology	0.43314507118576867	0.7930333920770316
5	HP:0002133	Status epilepticus	1.0	1.0
5	HP:0001870	Acroosteolysis of distal phalanges (feet)	1.0	1.0
5	HP:0004279	Short palm	0.27558950004257976	0.5756570873783748
5	HP:0011090	Fused teeth	0.009364340463763374	0.07340781834812209
5	HP:0100649	Neoplasm of the oral cavity	0.13612817704214392	0.3550264502590522
5	HP:0010831	Impaired proprioception	1.0	1.0
5	HP:0002079	Hypoplasia of the corpus callosum	1.0	1.0
5	HP:0000366	Abnormality of the nose	0.0017827841654446076	0.029655092703249324
5	HP:0100798	Fingernail dysplasia	1.0	1.0
5	HP:0000534	Abnormal eyebrow morphology	0.005493875436955469	0.05634320372937789
5	HP:0005562	Multiple renal cysts	0.10702322855606043	0.3034920660092857
5	HP:0002983	Micromelia	0.36049005051475375	0.6974587644001761
5	HP:0012547	Abnormal involuntary eye movements	0.3899131937150576	0.7356038675343549
5	HP:0001642	Pulmonic stenosis	0.0001188094816832655	0.004865261958573088
5	HP:0007565	Multiple cafe-au-lait spots	0.1523525761738664	0.3764654237339743
5	HP:0100543	Cognitive impairment	0.8856751136768233	1.0
5	HP:0009836	Broad distal phalanx of finger	1.0	1.0
5	HP:0000248	Brachycephaly	0.4880456699788337	0.8770675808315272
5	HP:0000580	Pigmentary retinopathy	0.16433045881886676	0.3960189855634881
5	HP:0100490	Camptodactyly of finger	0.5620943881758141	0.9829445454766801
5	HP:0001581	Recurrent skin infections	0.04395593207824696	0.1795086567506852
5	HP:0031589	Suicidal ideation	1.0	1.0
5	HP:0008053	Aplasia/Hypoplasia of the iris	0.011980398109448667	0.08929651924201083
5	HP:0001332	Dystonia	1.0	1.0
5	HP:0000277	Abnormal mandible morphology	0.000549758717908165	0.014148507381636548
5	HP:0000670	Carious teeth	0.0655155328632705	0.226444406264542
5	HP:0008283	Fasting hyperinsulinemia	0.045995251433866215	0.18400388976161064
5	HP:0000483	Astigmatism	1.0	1.0
5	HP:0000292	Loss of facial adipose tissue	0.02325479851234926	0.12587121099541426
5	HP:0000774	Narrow chest	0.32255233870368494	0.6422794014479215
5	HP:0010535	Sleep apnea	0.3192961615285045	0.6395300504036419
5	HP:0011002	Osteopetrosis	1.0	1.0
5	HP:0004337	Abnormality of amino acid metabolism	1.0	1.0
5	HP:0012378	Fatigue	0.7649609153434136	1.0
5	HP:0001171	Split hand	0.176147434160175	0.4156835643503092
5	HP:0000600	Abnormality of the pharynx	1.0	1.0
5	HP:0002642	Arteriovenous fistulas of celiac and mesenteric vessels	0.004692632566870014	0.050799609692148404
5	HP:0001250	Seizure	0.8469694897321184	1.0
5	HP:0006739	Squamous cell carcinoma of the skin	1.0	1.0
5	HP:0007440	Generalized hyperpigmentation	0.15636320983284968	0.3835960759208758
5	HP:0001263	Global developmental delay	0.03471474853327183	0.15474155882151236
5	HP:0002071	Abnormality of extrapyramidal motor function	0.5401238898520518	0.9540279463582004
5	HP:0002664	Neoplasm	0.6785892866585559	1.0
5	HP:0000635	Blue irides	0.02784368834785619	0.13612469858951914
5	HP:0000894	Short clavicles	1.0	1.0
5	HP:0001433	Hepatosplenomegaly	1.0	1.0
5	HP:0010819	Atonic seizure	1.0	1.0
5	HP:0001658	Myocardial infarction	0.019933247427843595	0.11719374780852873
5	HP:0000403	Recurrent otitis media	0.1722261939610326	0.4078411954216119
5	HP:0000036	Abnormal penis morphology	0.005205226805947043	0.05503821211869586
5	HP:0000762	Decreased nerve conduction velocity	1.0	1.0
5	HP:0008619	Bilateral sensorineural hearing impairment	1.0	1.0
5	HP:0001012	Multiple lipomas	1.0	1.0
5	HP:0002758	Osteoarthritis	0.0364743119206136	0.15853324340186922
5	HP:0002679	Abnormal sella turcica morphology	1.0	1.0
5	HP:0000410	Mixed hearing impairment	1.0	1.0
5	HP:0008872	Feeding difficulties in infancy	0.6993380328520326	1.0
5	HP:0031364	Ecchymosis	0.08566622088436963	0.26322999004863085
5	HP:0001633	Abnormal mitral valve morphology	4.294501188717475e-05	0.0023430798485642545
5	HP:0002808	Kyphosis	0.14668603668746313	0.3693607076819355
5	HP:0004374	Hemiplegia/hemiparesis	1.0	1.0
5	HP:0001618	Dysphonia	0.27904400886450353	0.579324243669989
5	HP:0011358	Generalized hypopigmentation of hair	1.0	1.0
5	HP:0000014	Abnormality of the bladder	0.010607142132988618	0.08128169589548583
5	HP:0000190	Abnormal oral frenulum morphology	0.1722261939610326	0.4078411954216119
5	HP:0100013	Neoplasm of the breast	1.0	1.0
5	HP:0004937	Pulmonary artery aneurysm	0.009364340463763374	0.07340781834812209
5	HP:0000765	Abnormal thorax morphology	0.005400032463915203	0.05609280876453881
5	HP:0000598	Abnormality of the ear	0.0003339719115469347	0.009520811293007322
5	HP:0000815	Hypergonadotropic hypogonadism	1.0	1.0
5	HP:0000280	Coarse facial features	0.027247165035653366	0.13612469858951914
5	HP:0008469	Cervical vertebral dysplasia	0.009364340463763374	0.07340781834812209
5	HP:0010515	Aplasia/Hypoplasia of the thymus	1.0	1.0
5	HP:0002136	Broad-based gait	0.21813254474096153	0.4861646912200515
5	HP:0000987	Atypical scarring of skin	0.005767581084058441	0.05805449156973761
5	HP:0000924	Abnormality of the skeletal system	0.04127195253417177	0.1720040793468814
5	HP:0001363	Craniosynostosis	0.43860541202893255	0.8019541313772977
5	HP:0004463	Absent brainstem auditory responses	1.0	1.0
5	HP:0006766	Papillary renal cell carcinoma	1.0	1.0
5	HP:0000640	Gaze-evoked nystagmus	1.0	1.0
5	HP:0007346	Subcortical white matter calcifications	1.0	1.0
5	HP:0003474	Somatic sensory dysfunction	1.0	1.0
5	HP:0002119	Ventriculomegaly	0.20559343810655695	0.46738241596223945
5	HP:0002669	Osteosarcoma	1.0	1.0
5	HP:0001609	Hoarse voice	0.25096393286810614	0.5373858782293514
5	HP:0000322	Short philtrum	0.4467023239960595	0.8134872762758681
5	HP:0025548	Increased mean corpuscular hemoglobin concentration	1.0	1.0
5	HP:0002196	Myelopathy	1.0	1.0
5	HP:0001838	Rocker bottom foot	1.0	1.0
5	HP:0004295	Abnormal gastric mucosa morphology	0.08566622088436963	0.26322999004863085
5	HP:0011849	Abnormal bone ossification	0.0005285849613946419	0.013865190141197914
5	HP:0004872	Incisional hernia	0.004692632566870014	0.050799609692148404
5	HP:0003065	Patellar hypoplasia	0.054949840041633904	0.2020374150949313
5	HP:0008800	Limited hip movement	1.0	1.0
5	HP:0006101	Finger syndactyly	0.5577816665035216	0.9779102739213411
5	HP:0001249	Intellectual disability	0.04862897750262148	0.19115252251750922
5	HP:0000463	Anteverted nares	0.08982258001720778	0.26796365700916136
5	HP:0002216	Premature graying of hair	0.0001903740972843686	0.006182625445139971
5	HP:0200125	Mitochondrial respiratory chain defects	1.0	1.0
5	HP:0011800	Midface retrusion	0.42485986710493523	0.7841797817741971
5	HP:0100851	Abnormal emotion/affect behavior	1.0	1.0
5	HP:0002346	Head tremor	1.0	1.0
5	HP:0008665	Clitoral hypertrophy	0.12376673398194098	0.33429272307201485
5	HP:0001677	Coronary artery atherosclerosis	1.0	1.0
5	HP:0000822	Hypertension	0.24092000780387426	0.5216109375309278
5	HP:0000656	Ectropion	1.0	1.0
5	HP:0002035	Rectal prolapse	0.0013426459054940293	0.024480538953756643
5	HP:0007392	Excessive wrinkled skin	2.217346266732109e-14	7.561150769556491e-12
5	HP:0001394	Cirrhosis	1.0	1.0
5	HP:0008516	Abnormality of the vertebral spinous processes	1.0	1.0
5	HP:0009906	Aplasia/Hypoplasia of the earlobes	0.012629539951082513	0.09235144594646359
5	HP:0009771	Osteolytic defects of the phalanges of the hand	1.0	1.0
5	HP:0002223	Absent eyebrow	1.0	1.0
5	HP:0001374	Congenital hip dislocation	0.16035581177400995	0.3912796552052765
5	HP:0000040	Long penis	0.050482573863622274	0.19506580949003055
5	HP:0001476	Delayed closure of the anterior fontanelle	1.0	1.0
5	HP:0007431	Congenital ichthyosiform erythroderma	0.04148778746709969	0.1720040793468814
5	HP:0001399	Hepatic failure	1.0	1.0
5	HP:0001047	Atopic dermatitis	0.08566622088436963	0.26322999004863085
5	HP:0000276	Long face	0.40219986034671623	0.7515076842642753
5	HP:0005599	Hypopigmentation of hair	0.05078837982609851	0.1956930793299389
5	HP:0001097	Keratoconjunctivitis sicca	0.1402117120124008	0.36152887558585006
5	HP:0000083	Renal insufficiency	0.6823819400164146	1.0
5	HP:0000826	Precocious puberty	0.04846952164229293	0.19107638011585998
5	HP:0001027	Soft, doughy skin	0.04148778746709969	0.1720040793468814
5	HP:0007922	Hypermyelinated retinal nerve fibers	1.0	1.0
5	HP:0001347	Hyperreflexia	0.4931318956194083	0.8838789824242747
5	HP:0100817	Renovascular hypertension	0.00043326602683709957	0.011617892143420419
5	HP:0007720	Flat cornea	0.009364340463763374	0.07340781834812209
5	HP:0002236	Frontal upsweep of hair	0.02325479851234926	0.12587121099541426
5	HP:0002282	Gray matter heterotopia	0.1442769048634061	0.36492209136641185
5	HP:0002858	Meningioma	1.0	1.0
5	HP:0007377	Abnormality of somatosensory evoked potentials	1.0	1.0
5	HP:0002024	Malabsorption	0.372681003246599	0.7099677212686607
5	HP:0012104	Parietal cortical atrophy	1.0	1.0
5	HP:0000454	Flared nostrils	1.0	1.0
5	HP:0000003	Multicystic kidney dysplasia	1.0	1.0
5	HP:0003083	Dislocated radial head	0.07262003602856631	0.23640508148678868
5	HP:0005876	Progressive flexion contractures	0.02784368834785619	0.13612469858951914
5	HP:0002415	Leukodystrophy	0.09426660853254343	0.2765153850287941
5	HP:0002078	Truncal ataxia	0.1442769048634061	0.36492209136641185
5	HP:0004422	Biparietal narrowing	0.16433045881886676	0.3960189855634881
5	HP:0005989	Redundant neck skin	0.06382454307906779	0.22208335908124607
5	HP:0000729	Autistic behavior	0.32251434564138026	0.6422794014479215
5	HP:0000498	Blepharitis	0.09426660853254343	0.2765153850287941
5	HP:0040078	Axonal degeneration	1.0	1.0
5	HP:0001103	Abnormal macular morphology	0.36355871629923203	0.7014060665235538
5	HP:0002170	Intracranial hemorrhage	1.0	1.0
5	HP:0002354	Memory impairment	1.0	1.0
5	HP:0002019	Constipation	0.01512963372407151	0.09780483601722056
5	HP:0008846	Severe intrauterine growth retardation	0.054949840041633904	0.2020374150949313
5	HP:0000738	Hallucinations	1.0	1.0
5	HP:0000768	Pectus carinatum	0.0604571092812989	0.2147486902596138
5	HP:0000168	Abnormality of the gingiva	0.0034038686981419	0.04642876904265551
5	HP:0025084	Folliculitis	0.009364340463763374	0.07340781834812209
5	HP:0002308	Chiari malformation	0.03050992275709551	0.14500186285950617
5	HP:0010864	Intellectual disability, severe	1.0	1.0
5	HP:0000104	Renal agenesis	0.28931388214193	0.596108965621741
5	HP:0001959	Polydipsia	0.1523525761738664	0.3764654237339743
5	HP:0001789	Hydrops fetalis	1.0	1.0
5	HP:0002795	Abnormal respiratory system physiology	0.842719857883404	1.0
5	HP:0010783	Erythema	1.0	1.0
5	HP:0000666	Horizontal nystagmus	1.0	1.0
5	HP:0001945	Fever	0.7897697064559561	1.0
5	HP:0007605	Excessive wrinkling of palmar skin	1.0	1.0
5	HP:0002036	Hiatus hernia	0.0013426459054940293	0.024480538953756643
5	HP:0003103	Abnormal cortical bone morphology	1.0	1.0
5	HP:0000232	Everted lower lip vermilion	0.06296834507099376	0.2213629450433904
5	HP:0000426	Prominent nasal bridge	0.08709167131021252	0.2664108564374985
5	HP:0002135	Basal ganglia calcification	1.0	1.0
5	HP:0000876	Oligomenorrhea	1.0	1.0
5	HP:0000614	Abnormal nasolacrimal system morphology	0.024987140116400908	0.13159250625008045
5	HP:0002435	Meningocele	1.0	1.0
5	HP:0002197	Generalized-onset seizure	1.0	1.0
5	HP:0000953	Hyperpigmentation of the skin	0.08711088121050171	0.2664108564374985
5	HP:0000478	Abnormality of the eye	0.012219381192050195	0.09058280405411123
5	HP:0000230	Gingivitis	0.0054283363320521425	0.05609280876453881
5	HP:0000309	Abnormal midface morphology	0.008867985790926118	0.07340781834812209
5	HP:0011197	EEG with focal spike waves	1.0	1.0
5	HP:0006891	Thick cerebral cortex	1.0	1.0
5	HP:0005109	Abnormality of the Achilles tendon	1.0	1.0
5	HP:0000286	Epicanthus	0.0025174820043434402	0.038153838376938365
5	HP:0001537	Umbilical hernia	0.0003021230729764044	0.009157686034218125
5	HP:0000076	Vesicoureteral reflux	0.0604571092812989	0.2147486902596138
5	HP:0002073	Progressive cerebellar ataxia	1.0	1.0
5	HP:0008499	High hypermetropia	0.11123737094135512	0.3115560040328714
5	HP:0000674	Anodontia	1.0	1.0
